sl	prompt	solution0	solution1	label	Category	langauge (FLORES-200 code)
1	ଦେଖିଲେ ଯଦି ଜଗନ୍ନାଥ ମନ୍ଦିରର ପଥର ମଝିଆକୁ ଖାଲିପାଉଁ ଚାଲୁଛ, ତାହାର ଛୁଆଁ କେମିତି ଲାଗିବ? ଚାଲିବାବେଳେ କେଉଁ ଶାରୀରିକ ଅନୁଭୂତି ହେବ?	ମଝିଆଟା କାଠ ପରି ନରମ ଏବଂ ଗରମ ଲାଗିବ; ଖାଲିପାଉଁ ଚାଲିଲେ ପାଦ ଡୁବିଯିବ ଭଳି ଲାଗିପାରେ।	ମଝିଆଟା କଠିନ ପଥରର, ସାଧାରଣତଃ ଠଣ୍ଡା/ଶୀତଳ ଛୁଆଁ ଲାଗିପାରେ। ଦୀର୍ଘ ସମୟ ଚାଲିଲେ ପାଦତଳାରେ ହାଲୁକା କଠିନତା ଓ ଅଳ୍ପ ଖରାପନ ଅନୁଭବ ହୋଇପାରେ।	1	Jaganath	ory_Orya
2	କଳ୍ପନା କର ତୁମେ ଜଗନ୍ନାଥ ମୂର୍ତ୍ତିର ନିକଟରୁ ଦେଖୁଛ। ତାହାର ଦେହ ମାଳମସଲା/ସାମଗ୍ରୀ ଓ ପୃଷ୍ଠତଳ ଦେଖି କଣ ବୁଝିବ?	ମୋ ଭାବରେ ମୂର୍ତ୍ତିଟା କଳା ପଥରରେ ଖୋଦା ହୋଇଥାଏ, ତେଣୁ ପୃଷ୍ଠତଳ ଠଣ୍ଡା ଓ ପଥର ପରି ଖୁବ ହାର୍ଡ ଲାଗିବ।	ସାଧାରଣତଃ ଜଗନ୍ନାଥ ବିଗ୍ରହ କାଠର ହୋଇଥାଏ ଏବଂ ରଙ୍ଗ-ଲେପ/ସଜାଣା ଥିବାରୁ ପୃଷ୍ଠତଳ ମସ୍ତ ଓ ରଙ୍ଗିନ ଦେଖାଯାଏ। ଛୁଆଁଲେ ପଥର ଭଳି “ପଥର-ଠଣ୍ଡା” ନୁହେଁ; କାଠ ଓ ରଙ୍ଗର ଭାବ ଆସିବ।	1	Jaganath	ory_Orya
3	ଏକ ଯାତ୍ରୀ ଭାବେ ରଥଯାତ୍ରାରେ ଜଗନ୍ନାଥ ରଥର ଦୌରି ଧରି ଟାଣୁଛ। ଦୌରିର ମୋଟାଇ, ପତଳା/ଖରାପନ, ଏବଂ ହାତରେ ଧରିଲେ କେମିତି ଗ୍ରିପ୍ ମିଳିବ ବର୍ଣ୍ଣନା କର।	ଦୌରିଟା ସମ୍ପୂର୍ଣ୍ଣ ପ୍ଲାଷ୍ଟିକ/ନାଇଲନ ଭଳି ଚିକ୍କଣ ହୋଇଥାଏ, ତେଣୁ ଖୁବ ସ୍ଲିପ୍ ହେବ ଏବଂ ହାତରେ ଧରିଲେ ବେଶି ଘସା ଲାଗିବ ନାହିଁ।	ରଥର ଦୌରି ସାଧାରଣତଃ ମୋଟା ଏବଂ ରେଶାଳ/କୃଷିଜ ତନ୍ତୁ (ପ୍ରକାର) ଭଳି ଲାଗେ, ଯାହାର ପୃଷ୍ଠତଳ ଅଳ୍ପ ଖରାପ ଥାଇପାରେ। ଏହି ଖରାପନ ହାତକୁ ଭଲ ଗ୍ରିପ୍ ଦେଇଥାଏ, କିନ୍ତୁ ଦୀର୍ଘ ସମୟ ଟାଣିଲେ ହାତରେ ଘସା/ଛାଳା ପଡିବାର ସମ୍ଭାବନା ରହେ।	1	Jaganath	ory_Orya
4	ତୁମେ ଜଗନ୍ନାଥ ମହାପ୍ରସାଦ ହାତରେ ନେଇ ଖାଇବାକୁ ଯାଉଛ। ତାହାର ତାପମାତ୍ରା, ଆର୍ଦ୍ରତା, ଓ ଘ୍ରାଣ ବିଷୟରେ କ’ଣ ଧାରଣା କରିବ?	ନିଶ୍ଚୟ ମହାପ୍ରସାଦ ସବୁବେଳେ ଏକଦମ ଠଣ୍ଡା ଏବଂ ଖୁବ ଶୁଖିଲା ଥାଏ; ଘ୍ରାଣ ମଧ୍ୟ ଅଧିକ ଆସେ ନାହିଁ।	ସାଧାରଣତଃ ମହାପ୍ରସାଦ ତରତଜା ପକା ଖାଦ୍ୟ ହୋଇଥିବାରୁ ଅନେକ ସମୟ ହାଲୁକା ଗରମ କିମ୍ବା ଗରମ-ଉଷ୍ଣ ଲାଗିପାରେ। ଭାତ/ଡାଲ/ତରକାରୀ ଧରଣର ଖାଦ୍ୟରେ ଆର୍ଦ୍ରତା ଥାଏ ଏବଂ ଘିଅ/ମସଲାର ମିଠା-ମସଲା ଘ୍ରାଣ ଅନୁଭବ ହୋଇପାରେ; ସମୟ ହେଲେ ଧୀରେଧୀରେ ତାପ କମିଯାଏ।	1	Jaganath	ory_Orya
5	ମନେ କର ଆରତି ସମୟରେ ଦୀପ ଜଳୁଛ ଏବଂ ତୁମେ ନିକଟରେ ଦାଉଡ଼ିଛ। ଆଲୋକର ରଙ୍ଗ, ତାପ, ଏବଂ ଧୂଆଁ/ଗନ୍ଧ ଦିଗରୁ କ’ଣ ଅନୁଭବ ହେବ?	ଏହା ଲାଇଟ୍ ଭଳି ଥାଏ, ତେଣୁ ଆଲୋକ ତ ଥାଏ କିନ୍ତୁ ତାପ ନାହିଁ ଏବଂ କୌଣସି ଧୂଆଁ-ଗନ୍ଧ ମଧ୍ୟ ଆସେ ନାହିଁ।	ପୂଜାର ଦୀପ (ତେଲ/ଘିଅ ଦୀପ) ଆଲୋକ ସାଧାରଣତଃ ଉଷ୍ଣ-ହଳଦିଆ ରଙ୍ଗର ଓ ଝିଙ୍କୁରିଆ ଦେଖାଯାଏ। ନିକଟରେ ଥିଲେ ମୁହଁ/ହାତରେ ହାଲୁକା ତାପ ଲାଗେ, ଏବଂ ଘିଅ/ତେଲ ସହ କପୂର/ଧୂପର ଗନ୍ଧ ମିଶି ଗୋଟେ ନିଜସ୍ୱ ପୂଜା-ସୁଗନ୍ଧ ଅନୁଭବ ହୁଏ।	1	Jaganath	ory_Orya
6	ଧାରଣା କର ଜଗନ୍ନାଥ ପୂଜାବେଳେ ଘଣ୍ଟା ବାଜୁଛ। ଘଣ୍ଟାର ସାମଗ୍ରୀ, ତାହାର କମ୍ପନ, ଏବଂ ଶବ୍ଦର ତୀକ୍ଷ୍ଣତା ବିଷୟରେ କ’ଣ କହିବ?	ଘଣ୍ଟାଟା କାଠର ହୋଇପାରେ, ତେଣୁ ଶବ୍ଦ ମନ୍ଦ ଓ ଭାରି ହେବ; କମ୍ପନ ଅଧିକ ହେବ ନାହିଁ।	ଘଣ୍ଟା ସାଧାରଣତଃ ଧାତୁର ହୋଇଥାଏ, ଯେଉଁଥିରେ ଆଘାତ ହେଲେ ଧାତୁ ଦେହ କମ୍ପି ଝଙ୍କାର ଶବ୍ଦ ଦିଏ। ଏହି ଶବ୍ଦ ଅପେକ୍ଷାକୃତ ସ୍ପଷ୍ଟ/ତୀକ୍ଷ୍ଣ ଓ ଦୂର ପର୍ଯ୍ୟନ୍ତ ଶୁଣାଯାଇପାରେ, କାରଣ ଧାତୁର ରେଜୋନାନ୍ସ ଭଲ ଥାଏ।	1	Jaganath	ory_Orya
7	ତୁମେ ଧୂପ ଓ କପୂର ସହିତ ଜଗନ୍ନାଥ ପୂଜା କରୁଛ। ଧୂଆଁର ଦୃଶ୍ୟମାନତା, ଗନ୍ଧର ତୀବ୍ରତା, ଏବଂ ଘରେ/ଗର୍ଭଗୃହରେ ହାୱାରେ କେମିତି ପ୍ରସାରିତ ହୁଏ?	ଧୂପ-କପୂରରେ ପ୍ରାୟ ଧୂଆଁ ଦେଖାଯାଏ ନାହିଁ, ଗନ୍ଧ ମଧ୍ୟ ଖୁବ ହାଲୁକା ଥାଏ ଏବଂ ହାୱାରେ ଦୀର୍ଘ ସମୟ ରହେ ନାହିଁ।	ଧୂପ ଜଳିଲେ ସାଧାରଣତଃ ପତଳା ଧୂଆଁ ଧାରା ଦେଖାଯାଏ ଏବଂ କପୂରର ଗନ୍ଧ ଅପେକ୍ଷାକୃତ ତୀବ୍ର ଓ ସଫା-ଧାରଣର ଲାଗେ। ବନ୍ଦ/ଭିତର ଜାଗାରେ ଏହି ଗନ୍ଧ ହାୱା ସହିତ ଧୀରେଧୀରେ ପ୍ରସାରିତ ହୁଏ ଏବଂ କିଛି ସମୟ ପର୍ଯ୍ୟନ୍ତ ରହିପାରେ।	1	Jaganath	ory_Orya
8	ଚାଲିଦେଖ ଜଗନ୍ନାଥ ମନ୍ଦିରର ପାହାଡ଼ି/ସିଢ଼ି ଚଢ଼ୁଛ। ସିଢ଼ିର ଧାର, ଘସା, ଏବଂ ପଥରର ଟେକ୍ସଚର ଦିଗରୁ କ’ଣ ସାବଧାନ ରହିବ?	ସିଢ଼ିଗୁଡ଼ିକ ଗ୍ଲାସ ପରି ଏକଦମ ଚିକ୍କଣ ଥାଏ, ତେଣୁ ଧାର କିମ୍ବା ଘସା ବିଷୟ ନାହିଁ; ପାଦ ଖୁବ ସହଜରେ ଗ୍ରିପ୍ ମିଳିଯିବ।	ସିଢ଼ିଗୁଡ଼ିକ ପଥରର ହୋଇଥାଏ ଓ ଅନେକ ଲୋକ ଚାଲିବାରୁ କେତେକ ଜାଗାରେ ଘସା ପଡି ହାଲୁକା ସ୍ମୁଥ ହୋଇଯାଇପାରେ। କିଛି ସ୍ଥାନରେ ଟେକ୍ସଚର ଖରାପ/ଅସମାନ ହୋଇପାରେ, ତେଣୁ ଧୀରେ ଚାଲିବା, ପାଦ ଭଲ ଭାବରେ ରଖିବା, ଏବଂ ଭିଜା ଥିଲେ ଅଧିକ ସାବଧାନ ରହିବା ଭଲ।	1	Jaganath	ory_Orya
9	ଫୁଲମାଳା ଦେଇ ଜଗନ୍ନାଥଙ୍କୁ ଅର୍ପଣ କରିବା ପାଇଁ ତୁମେ ମାଳାକୁ ହାତରେ ଧରିଛ। ତାହାର ଓଜନ, ନରମତା, ଓ ଆର୍ଦ୍ରତା କେମିତି ହେବ ବୋଲି ଭାବୁଛ?	ମାଳାଟା ହାର୍ଡ ପ୍ଲାଷ୍ଟିକର ହୋଇଥାଏ, ତେଣୁ ଓଜନ ଅଧିକ ଏବଂ ଛୁଆଁଲେ କଠିନ ଲାଗିବ; ତାଜାପନ ଭଳି କିଛି ଅନୁଭବ ହେବ ନାହିଁ।	ସାଧାରଣତଃ ଫୁଲମାଳା ତାଜା ଫୁଲରେ ହୋଇଥାଏ, ତେଣୁ ଛୁଆଁଲେ ନରମ ଓ ହାଲୁକା ଆର୍ଦ୍ର ଲାଗିପାରେ। ଓଜନ ସାଧାରଣତଃ ମଧ୍ୟମ ରହେ ଏବଂ ଫୁଲର ସୁଗନ୍ଧ ମଧ୍ୟ ହାଲୁକା ଭାବେ ଆସିପାରେ।	1	Jaganath	ory_Orya
10	ଘରକୁ ନେଇଯିବା ପାଇଁ ଜଗନ୍ନାଥ ମହାପ୍ରସାଦକୁ କଣ୍ଟେନରରେ ରଖୁଛ। କେଉଁ ଧରଣର ପାତ୍ରରେ ରଖିଲେ ତାପ ଓ ଆର୍ଦ୍ରତା ଅଧିକ ଭଲ ଧରିରହିବ, ଏବଂ ଖାଦ୍ୟର ଗନ୍ଧ କେମିତି ବଦଳିପାରେ?	ପତଳା ପ୍ଲାଷ୍ଟିକ ବ୍ୟାଗରେ ରଖିଲେ ଖାଦ୍ୟ ଅଧିକ ଠଣ୍ଡା ରହିବ ଏବଂ ଗନ୍ଧ ମଧ୍ୟ ଭଲ ହୋଇଯିବ; ଆର୍ଦ୍ରତା ଆପେ-ଆପେ କମିଯିବ।	ଢାକଣା ଥିବା ଧାତୁ/ଭଲ ଫୁଡ୍-ଗ୍ରେଡ୍ କଣ୍ଟେନରରେ ରଖିଲେ ଆର୍ଦ୍ରତା ଓ ତାପ କିଛି ସମୟ ପର୍ଯ୍ୟନ୍ତ ଧରିରହିପାରେ। ଟାଇଟ୍ ଢାକଣା ଥିଲେ ଗନ୍ଧ ବାହାରକୁ କମ୍ ଯାଏ, କିନ୍ତୁ ଭିତରେ ଭାପ ଜମି ଖାଦ୍ୟ ଅଳ୍ପ ନରମ/ଭିଜା ହୋଇପାରେ, ଏହିପାଇଁ ଠିକ୍ ଭାବରେ ଢାକିବା ଓ ସମୟରେ ଖାଇଦେବା ଭଲ।	1	Jaganath	ory_Orya
11	ଦେଖିଲେ ଯଦି ପୁରୀ ବିଚ୍‌ରେ ନିର୍ମଳ ବାଳୁକା ଉପରେ ଖାଲିପାଉଁ ଚାଲିବ, କେମିତି ଛୁଆଁ ଲାଗିବ ଏବଂ ପାଦ ଉପରେ କେଉଁ ପ୍ରଭାବ ପଡ଼ିବ?	ବାଳୁକାଟା ସାଧାରଣତଃ ବହୁତ କଠିନ ଓ ପଥର ପରି ଠଣ୍ଡା ଲାଗିବ, ତେଣୁ ପାଦ ଦବିବ ନାହିଁ।	ବିଚ୍‌ର ବାଳୁକା ହଳୁକା ଦାଣାଦାର ଓ ଅଳ୍ପ ନରମ ଥାଏ, ଖାଲିପାଉଁ ଚାଲିଲେ ପାଦ ଅଳ୍ପ ଦବିଯାଏ। ଧୂପ ଥିଲେ ବାଳୁକା ଗରମ ଲାଗିପାରେ, ଛାୟା/ଭିଜା ବାଳୁକା ଅପେକ୍ଷାକୃତ ଠଣ୍ଡା ଲାଗିବ।	1	Puri	ory_Orya
12	କଳ୍ପନା କର, ପୁରୀ ବିଚ୍‌ର ପାଣି ଛୁଇଁଲାପରେ ହାତରେ କେମିତି ଅନୁଭବ ହେବ? ଲୁଣିଆପନ ଓ ଚର୍ମ ଉପରେ ପ୍ରଭାବ କହ।	ସମୁଦ୍ର ପାଣି ମିଠା ଥାଏ ଏବଂ ହାତକୁ ତେଲିଆ ଭଳି କରିଦିଏ, ଲୁଣିଆପନ ନଥାଏ।	ସମୁଦ୍ର ପାଣି ଲୁଣିଆ ଥାଏ, ଛୁଇଁଲେ ଚର୍ମ ଉପରେ ହାଲୁକା “ଲୁଣ” ଅନୁଭବ ରହିପାରେ। ପାଣି ଶୁଖିଗଲାପରେ ଚର୍ମ ଅଳ୍ପ ଶୁଷ୍କ ଲାଗିପାରେ, ତେଣୁ ପରେ ମିଠା ପାଣିରେ ଧୋଇଦେଲେ ଭଲ।	1	Puri	ory_Orya
13	ଯଦି ତୁମେ ପୁରୀ ଟୁରିଜମ୍‌ରେ ସୀ-ଶେଲ୍ ଗହଣା କିମ୍ବା ହାତକାମ ଜିନିଷ କିଣୁଛ, ତାହାର ଓଜନ ଓ ଭାଙ୍ଗୁରତା କିପରି ଯାଞ୍ଚ କରିବ?	ସୀ-ଶେଲ୍ ସବୁବେଳେ ରବର ପରି ନରମ ଥାଏ, ତେଣୁ ଭାଙ୍ଗିବା ଭୟ ନାହିଁ ଏବଂ ଓଜନ ଭାରୀ ହେବ।	ସୀ-ଶେଲ୍ ସାଧାରଣତଃ ହାଲୁକା ଓ ଭାଙ୍ଗୁର ହୋଇପାରେ। କିଣିବାବେଳେ ହାତରେ ଧରି ଧୀରେ ଟାପ୍ କରି ଫାଟ/ଚିରା ଅଛି କି ନାହିଁ ଦେଖିବା, ଏବଂ ପାଉଚ୍/ବକ୍ସରେ ସୁରକ୍ଷିତ ରଖିବା ଭଲ।	1	Puri	ory_Orya
14	ଧ୍ୟାନ ଦେଇ ଦେଖ: ପୁରୀର ରାସ୍ତା ହାଟରେ ବିକ୍ରି ହେଉଥିବା କାଠର ଖେଳନା ଓ ପ୍ଲାଷ୍ଟିକ ଖେଳନାର ଛୁଆଁ, ଗନ୍ଧ, ଏବଂ ଦୃଢତାରେ କି ତଫାତ ଥାଇପାରେ?	କାଠର ଖେଳନା ସବୁବେଳେ ପ୍ଲାଷ୍ଟିକଠୁ ଅଧିକ ଚିକ୍କଣ ଏବଂ କୌଣସି ଗନ୍ଧ ନଥାଏ; ପ୍ଲାଷ୍ଟିକ ଖେଳନା ଭାଙ୍ଗୁର ଓ ଭାରୀ ଥାଏ।	କାଠର ଖେଳନାରେ ପ୍ରାକୃତିକ ଦାଣା/ଟେକ୍ସଚର ଥାଏ ଏବଂ କେବେକେବେ ହାଲୁକା କାଠର ଗନ୍ଧ ଆସିପାରେ। ପ୍ଲାଷ୍ଟିକ ଖେଳନା ଅଧିକ ଚିକ୍କଣ ଓ ହାଲୁକା ହୋଇପାରେ, ଏବଂ କେବେକେବେ “ନୂଆ ପ୍ଲାଷ୍ଟିକ” ଭଳି ହାଲୁକା ଗନ୍ଧ ଥାଇପାରେ।	1	Puri	ory_Orya
15	ଭାବ, ପୁରୀର ଷ୍ଟ୍ରିଟ୍ ଭେଣ୍ଡର୍ ଠାରୁ କଟା ଫଳ କିଣିଲାପରେ ତାଜାପନ କିପରି ବୁଝିବ? ରଙ୍ଗ, ଘ୍ରାଣ, ଏବଂ ସ୍ପର୍ଶ ଆଧାରରେ କହ।	ତାଜା ଫଳ ସବୁବେଳେ ନିଷ୍ପ୍ରାଣ ରଙ୍ଗର ହୁଏ ଏବଂ କୌଣସି ଘ୍ରାଣ ନଥାଏ; ଛୁଆଁଲେ କଠିନ ହୋଇଥାଏ।	ତାଜା ଫଳର ରଙ୍ଗ ସ୍ୱାଭାବିକ ଓ ଉଜ୍ଜ୍ୱଳ ଲାଗେ, ଘ୍ରାଣ ହାଲୁକା ମିଠା/ଫଳର ଗନ୍ଧ ଆସିପାରେ। ଛୁଆଁଲେ ଅତ୍ୟଧିକ କଠିନ ନୁହେଁ, ଅତ୍ୟଧିକ ନରମ ମଧ୍ୟ ନୁହେଁ, ମଧ୍ୟମ ଦୃଢତା ରହିଲେ ସାଧାରଣତଃ ଭଲ ଧରଣା।	1	Puri	ory_Orya
16	ଏକ କାମ କର: ପୁରୀ ଶପ୍‌ରୁ କିଣା ଟି-ଶର୍ଟର କପଡ଼ା କିପରି ଛୁଇଁ ବୁଝିବ? ଘାମ ଶୋଷଣ ଓ ଶ୍ୱାସ-ନିଆରା ଦିଗରୁ କ’ଣ ତଫାତ ହୋଇପାରେ?	କଟନ୍ ସବୁବେଳେ ଚିପଚିପା ଏବଂ ଘାମ ଶୋଷେ ନାହିଁ; ପଲିଏଷ୍ଟର ନରମ ଓ ଖୁବ ଶ୍ୱାସ-ନିଆରା ହୋଇଥାଏ।	କଟନ୍ ସାଧାରଣତଃ ନରମ ଓ ଶ୍ୱାସ-ନିଆରା ଲାଗେ, ଘାମ ଅଳ୍ପ ଭଲ ଶୋଷିପାରେ। ପଲିଏଷ୍ଟର ଅପେକ୍ଷାକୃତ ଚିକ୍କଣ ଲାଗିପାରେ ଏବଂ ଘାମ ଶୋଷଣର ଅନୁଭବ କଟନ୍ ଠାରୁ ଭିନ୍ନ ହୋଇପାରେ; ଗରମ ଦିନରେ ତଫାତ ଅଧିକ ଧରାପଡ଼େ।	1	Puri	ory_Orya
17	ମନେ କର, ପୁରୀ ସି-ଫୁଡ୍ ଷ୍ଟଲ୍‌ରେ ଭଜା ମାଛ ଖାଇବାକୁ ଯାଉଛ। “କ୍ରିସ୍ପି” ଓ “ଚିପଚିପା” ମଧ୍ୟରେ ଭିନ୍ନତା କିପରି ଧରିବ? ବାହାର ତଳ, ଭିତର ନରମତା, ଏବଂ ତେଲର ଅନୁଭବ କହ।	କ୍ରିସ୍ପି ମାଛ ସବୁବେଳେ ଭିତରେ କଠିନ ଓ ଶୁଖିଲା ଥାଏ; ଚିପଚିପା ମାଛ ହାଲୁକା ହୋଇଥାଏ ଏବଂ ତେଲ ଲାଗେ ନାହିଁ।	କ୍ରିସ୍ପି ମାଛର ବାହାର ତଳ ଟୁକୁଟୁକୁ/କଠିନ ଲାଗେ ଏବଂ କାମୁଡ଼ିଲେ “କ୍ରଞ୍ଚ” ଧ୍ୱନି ହୋଇପାରେ। ଭିତରେ ମାଛ ନରମ ଓ ରସାଳ ରହିଲେ ଭଲ। ଯଦି ଚିପଚିପା ଲାଗୁଛି, ସମ୍ଭବତଃ ତେଲ ଅଧିକ କିମ୍ବା ଠିକ୍ ଭାବେ ଭଜା ହୋଇନାହିଁ।	1	Puri	ory_Orya
18	ଦେଖିବାକୁ ଚେଷ୍ଟା କର: ପୁରୀ ବିଚ୍‌ରେ ଲାଲ କଙ୍କଡ଼ା କିପରି ଚାଲେ ଏବଂ ତାହାର ଖୋଲା କେମିତି ଲାଗେ? ଦୃଢତା ଓ ରଙ୍ଗ ବିଷୟରେ କହ।	ଲାଲ କଙ୍କଡ଼ା ସାଧାରଣତଃ ଧୀରେ ସିଧା ଆଗକୁ ଚାଲେ ଏବଂ ଖୋଲାଟା ନରମ ଗମ୍ ଭଳି ହୋଇଥାଏ।	ଲାଲ କଙ୍କଡ଼ା ଅନେକ ସମୟ ପାଶକୁ ତେଜ ଗତିରେ ଚାଲୁଥାଏ। ତାହାର ଖୋଲା ସାଧାରଣତଃ କଠିନ ଓ ସୁରକ୍ଷାମୂଳକ, ରଙ୍ଗ ଲାଲ/ଲାଲଚେ ଟୋନ୍ ଦେଖାଯାଇପାରେ।	1	Puri	ory_Orya
19	କଳ୍ପନା କର ତୁମେ ପୁରୀ ବିଚ୍‌ରେ ଲାଲ କଙ୍କଡ଼ାକୁ ନିକଟରୁ ଦେଖୁଛ। ତାହାର ପଞ୍ଜା ଓ ଖୋଲାର ଦୃଢତା ଦେଖି କେଉଁ ସାବଧାନତା ନେବା ଉଚିତ?	କଙ୍କଡ଼ାର ପଞ୍ଜା ମାଟି ପରି ନରମ ଥାଏ, ତେଣୁ ଧରିଲେ କିଛି ହେବ ନାହିଁ।	କଙ୍କଡ଼ାର ପଞ୍ଜା କଠିନ ହୋଇପାରେ ଏବଂ ଚିପିଦେଲେ ଯନ୍ତ୍ରଣା ହୋଇପାରେ। ତେଣୁ ନିକଟରୁ ଦେଖିବା ଭଲ, କିନ୍ତୁ ହାତ ଲଗାଇବା/ଧରିବା ଟାଳିବା ଉଚିତ, ବିଶେଷକରି ଛୋଟ ଶିଶୁମାନଙ୍କ ପାଇଁ।	1	Puri	ory_Orya
20	ଭାବ, ପୁରୀ ସମୁଦ୍ରକୂଳରେ ଡଲଫିନ୍ ଦେଖିଲେ ସେମାନେ ପାଣି ଉପରେ ଆସିଲାବେଳେ କେମିତି ଦେଖାଯାଏ? ଚର୍ମର ଟେକ୍ସଚର ଓ ଭିଜା ଚମକ ବିଷୟରେ କହ।	ଡଲଫିନ୍‌ର ଚର୍ମ ଲୋମଶ ଥାଏ, ତେଣୁ ପାଣିରେ ଭିଜିଲେ ମଧ୍ୟ ଚମକେ ନାହିଁ।	ଡଲଫିନ୍‌ର ଚର୍ମ ସାଧାରଣତଃ ମସ୍ତ/ସ୍ମୁଥ ଦେଖାଯାଏ। ପାଣି ଉପରେ ଆସିଲେ ଭିଜା ଥିବାରୁ ଆଲୋକରେ ଚମକ ଦେଖାଯାଇପାରେ, ଏବଂ ଶରୀର ଦ୍ରୁତ ଭାବେ ପୁଣି ପାଣି ଭିତରକୁ ଯାଇପାରେ।	1	Puri	ory_Orya
21	ଯଦି ତୁମେ ପୁରୀ ଟୁରିଜମ୍‌ ସମୟରେ ସନ୍‌ସ୍କ୍ରିନ୍ ଲଗାଉଛ, ଲୋସନ୍ ଓ ଜେଲ୍ ଟେକ୍ସଚରରେ କେଉଁ ଶାରୀରିକ ତଫାତ ଅନୁଭବ ହୋଇପାରେ? କିପରି ଲଗେଇବା ସହଜ?	ଜେଲ୍ ସବୁବେଳେ ତେଲିଆ ଓ ଭାରୀ ଲାଗେ, ଲୋସନ୍ ଏକଦମ ପାଣି ପରି ହୋଇ ଲଗେ ନାହିଁ।	ଲୋସନ୍ ସାଧାରଣତଃ କ୍ରିମି ଓ ଚର୍ମରେ ସମାନଭାବେ ପସରିଯାଏ। ଜେଲ୍ ହାଲୁକା/ଶୀତଳ ଲାଗିପାରେ ଏବଂ ଦ୍ରୁତ ଶୋଷିଯାଇପାରେ। ଯାହା ହେଉ, ସମାନ ଲେୟର୍ ଭାବେ ଲଗାଇବା ଦରକାର ଯାହାଫଳେ ଚର୍ମରେ ରକ୍ଷା ଭଲ ମିଳେ।	1	Puri	ory_Orya
22	ଧ୍ୟାନ ଦେଅ: ପୁରୀ ଶପ୍‌ରୁ କିଣା ମ୍ୟାଗ୍ନେଟ୍/ସୁଭେନିୟର୍ ଫ୍ରିଜ୍‌ରେ ଲଗାଇଲେ କେମିତି ଧରିରହିବ? ଓଜନ ଓ ଚୁମ୍ବକୀୟ ଟାଣ ବିଷୟରେ କହ।	ଚୁମ୍ବକୀୟ ଟାଣ ଓଜନ ସହ କିଛି ସମ୍ପର୍କ ନାହିଁ; ଭାରୀ ଜିନିଷ ହେଲେ ମଧ୍ୟ ସହଜରେ ଲଗି ରହିବ।	ମ୍ୟାଗ୍ନେଟ୍ ଯେତେ ଶକ୍ତିଶାଳୀ, ଫ୍ରିଜ୍‌ରେ ସେତେ ଭଲ ଧରିରହିବ। ଯଦି ସୁଭେନିୟର୍ ଅତ୍ୟଧିକ ଭାରୀ, ଦୁର୍ବଳ ମ୍ୟାଗ୍ନେଟ୍ ଧରିରଖିପାରିବ ନାହିଁ ଏବଂ ଖସିପାରେ, ତେଣୁ ଓଜନ ଓ ମ୍ୟାଗ୍ନେଟ୍ ଶକ୍ତି ଦୁହେଁ ଗୁରୁତ୍ୱପୂର୍ଣ୍ଣ।	1	Puri	ory_Orya
23	ତୁମେ ପୁରୀର ଷ୍ଟ୍ରିଟ୍ ଭେଣ୍ଡର୍‌ ଠାରୁ ବେଲ୍‌/ସରବତ ନେଉଛ। ଗିଲାସରେ ବରଫ ଥିଲେ “ଘନତା” ଓ “ଠଣ୍ଡାପନ” କିପରି ବଦଳେ? ମୁହଁରେ ଅନୁଭବ କହ।	ବରଫ ଦେଲେ ପାନୀୟ ଅଧିକ ଘନ ହୋଇଯାଏ ଏବଂ ଠଣ୍ଡାପନ କମିଯାଏ।	ବରଫ ଦେଲେ ପାନୀୟ ଠଣ୍ଡା ହୋଇଯାଏ, ମୁହଁରେ ଶୀତଳ ଅନୁଭବ ଆସେ। କିନ୍ତୁ ବରଫ ଗଳିଲେ ପାନୀୟ ପତଳା ହୋଇପାରେ, ତେଣୁ ସ୍ୱାଦ ଓ ଘନତା ଅଳ୍ପ କମିପାରେ।	1	Puri	ory_Orya
24	ଭାବ, ପୁରୀ ବିଚ୍‌ରେ ଧାତୁ ଗହଣା/ଚେନ୍ ପିନ୍ଧି ସମୁଦ୍ର ପାଣିରେ ଯାଇଲେ କଣ ହୋଇପାରେ? ସତହର ପରିବର୍ତ୍ତନ ଓ ରଙ୍ଗ ବିଷୟରେ କହ।	ସମୁଦ୍ର ପାଣି ଧାତୁକୁ ପୋଲିଶ୍ କରି ଅଧିକ ଚମକାଇଦିଏ, କୌଣସି ଦାଗ ହୁଏ ନାହିଁ।	ଲୁଣିଆ ପାଣି ଓ ଆର୍ଦ୍ରତା ହେତୁ କିଛି ଧାତୁରେ ଦାଗ/ଜଙ୍ଗ ପଡ଼ିପାରେ ଏବଂ ଚମକ କମିପାରେ। ସେହିପାଇଁ ସମୁଦ୍ରରୁ ଫେରିଲେ ମିଠା ପାଣିରେ ଧୋଇ ସୁକାଇଦେବା ଭଲ।	1	Puri	ory_Orya
25	ଦେଖ, ପୁରୀ ବିଚ୍‌ରେ ଛତା ଲଗାଇବାବେଳେ ବାତାସ ଓ ବାଳୁକାର ଦୃଢତା କାହିଁକି ଗୁରୁତ୍ୱପୂର୍ଣ୍ଣ? ଭିତ୍ତି କିପରି ମଜବୁତ କରିବ?	ଛତା ଲଗାଇବାକୁ ଆଉ କିଛି ଦରକାର ନାହିଁ; ବାଳୁକା ଯେମିତି ହେଉ, ଛତା ସବୁବେଳେ ସିଧା ରହିବ।	ବିଚ୍‌ର ବାତାସ ଜୋର ହୋଇପାରେ, ତେଣୁ ଛତାର ଖୁଟିକୁ ଭଲ ଭାବେ ଗଭୀରରେ ପୋତିବା ଦରକାର। ବାଳୁକା ଅତି ଢିଲା ହେଲେ ଖୁଟି ହଲୁହଲୁ କରିପାରେ, ସେହିପାଇଁ ଚାରିପାଖରେ ବାଳୁକା ଭଲ ଚାପିଦେବା କିମ୍ବା ଭାର ରଖିଲେ ସ୍ଥିରତା ବଢ଼େ।	1	Puri	ory_Orya
26	ଚାଲ, ପୁରୀ ଶପ୍‌ରୁ କିଣା ମାଟି/ସେରାମିକ୍ ମଗ୍‌କୁ ଧରି ଦେଖ। ତାହାର ଓଜନ, ତାପ ଧରିରଖିବା, ଓ ପୃଷ୍ଠତଳର ମସୃଣତା କିପରି ଲାଗିପାରେ?	ସେରାମିକ୍ ମଗ୍ ସବୁବେଳେ ଏକଦମ ହାଲୁକା ଏବଂ ତାପ ଧରିପାରେ ନାହିଁ; ପୃଷ୍ଠତଳ ରଖା ହୋଇଥାଏ।	ସେରାମିକ୍/ମାଟି ମଗ୍ ଅପେକ୍ଷାକୃତ ଓଜନଦାର ଲାଗିପାରେ। ଗରମ ପାନୀୟ ରଖିଲେ କିଛି ସମୟ ତାପ ଧରିରଖେ, ଏବଂ ଗ୍ଲେଜ୍ ଥିଲେ ପୃଷ୍ଠତଳ ମସୃଣ ଲାଗିପାରେ; ଗ୍ଲେଜ୍ ନଥିଲେ ଅଳ୍ପ ଖରାପ ଲାଗିପାରେ।	1	Puri	ory_Orya
27	କଳ୍ପନା କର, ପୁରୀର ବିଚ୍‌ ସାଇଡ୍ ଭେଣ୍ଡର୍‌ଠାରୁ ଖେଳନା ପବନଚକି କିଣିଲୁ। ହାୱା ଲାଗିଲେ ଏହା ଘୁରିବାରେ ପ୍ଲାଷ୍ଟିକ ଓ ପତଳା ପେପର ମଧ୍ୟରେ କେଉଁ ଶାରୀରିକ ତଫାତ ଦେଖିବ?	ପେପର ପବନଚକି ଭାରୀ ଓ ଧୀରେ ଘୁରେ, ପ୍ଲାଷ୍ଟିକ ଏକଦମ ହାଲୁକା ହୋଇ ଭାଙ୍ଗିଯାଏ।	ପତଳା ପେପର ପବନଚକି ହାଲୁକା ହୋଇଥାଏ ଏବଂ କମ୍ ବାତାସରେ ମଧ୍ୟ ଘୁରିପାରେ, କିନ୍ତୁ ଭିଜିଲେ ନରମ ହୋଇପାରେ। ପ୍ଲାଷ୍ଟିକ ପବନଚକି ଅପେକକ୍ଷାକୃତ ଟିକାଉ ହୋଇପାରେ, ହେଲେ ମୋଟା ପ୍ଲାଷ୍ଟିକ ହେଲେ ଘୁରିବାକୁ ଅଳ୍ପ ଅଧିକ ବାତାସ ଲାଗିପାରେ।	1	Puri	ory_Orya
28	ଏକ ଲକ୍ଷ୍ୟ କର: ପୁରୀ ବିଚ୍‌ରେ ଭିଜା ବାଳୁକା ଦ୍ୱାରା ବାଳୁକା ଘର ବନେଇଲେ କାହିଁକି ଭଲ ଧରିଥାଏ? ଶୁଖିଲା ବାଳୁକା ସହ ତୁଳନା କର।	ଶୁଖିଲା ବାଳୁକା ମାଟି ପରି ଲଗି ରହିଥାଏ, ଭିଜା ବାଳୁକା ସହଜରେ ଖସିଯାଏ ଏବଂ ଆକାର ଧରିପାରେ ନାହିଁ।	ଭିଜା ବାଳୁକାରେ ପାଣି ଥିବାରୁ ଦାଣାଗୁଡ଼ିକ ଆଉଁଟି ଧରିଥାଏ, ତେଣୁ ଆକାର ସହଜରେ ଧରିଯାଏ ଏବଂ sandcastle ମଜବୁତ ହୁଏ। ଶୁଖିଲା ବାଳୁକା ଢିଲା ଥାଇ, ଛାଞ୍ଚ ଖୋଲିଲେ ସହଜରେ ଭାଙ୍ଗିପଡ଼ିପାରେ।	1	Puri	ory_Orya
29	ଭାବ, ପୁରୀ ସି-ଫୁଡ୍‌ରେ ଚିଙ୍ଗୁଡ଼ି ସାଫ କରିବାବେଳେ ଛିଲ୍କାର ଦୃଢତା ଓ ଭିଜା ଟେକ୍ସଚର କେମିତି ଲାଗେ? କାମ କରିବା ସମୟରେ କ’ଣ ସହଜ/କଠିନ?	ଚିଙ୍ଗୁଡ଼ିର ଛିଲ୍କା ଗମ୍ ପରି ନରମ ଥାଏ, ତେଣୁ ଆଙ୍ଗୁଠିରେ ସହଜରେ ଘସି ଗଳିଯାଏ ଏବଂ ଭିଜାପନ ଅନୁଭବ ହୁଏ ନାହିଁ।	ଚିଙ୍ଗୁଡ଼ିର ଛିଲ୍କା ଅପେକ୍ଷାକୃତ କଠିନ ଓ ସ୍ଲିପ୍ପେରୀ ହୋଇପାରେ, ତେଣୁ ଧରିବାବେଳେ ଅଳ୍ପ ସାବଧାନ ଲାଗେ। ଭିଜା ଟେକ୍ସଚର ଥିବାରୁ ହାତ ଚିପଚିପା ହୋଇପାରେ; ଏହିପାଇଁ ଧୋଇ-ଧୋଇ କାମ କଲେ ସହଜ ହୁଏ।	1	Puri	ory_Orya
30	କଳ୍ପନା କର, ପୁରୀ ବିଚ୍‌ରେ ସନ୍ଧ୍ୟାବେଳେ ହାୱା ବଢ଼ିଲା। ତୁମେ ହାତରେ ଧରିଥିବା ହାଲୁକା ଛତା/ଟୋପି କିପରି ପ୍ରଭାବିତ ହେବ? ଓଜନ ଓ ବାତାସର ଚାପ ବିଷୟରେ କହ।	ବାତାସ ଜୋର ହେଲେ ହାଲୁକା ଜିନିଷ ଅଧିକ ସ୍ଥିର ହୋଇଯାଏ ଏବଂ ହାତରୁ ଖସେ ନାହିଁ।	ବାତାସ ଜୋର ହେଲେ ହାଲୁକା ଛତା/ଟୋପି ଉପରେ ଚାପ ପଡ଼ି ଉଡ଼ିବା କିମ୍ବା ହାତରୁ ଖସିବା ସମ୍ଭାବନା ବଢ଼େ। ତେଣୁ ଭଲ ଭାବେ ଧରିବା, ଟୋପିକୁ ଟାଇ/ଷ୍ଟ୍ରାପ୍ କରିବା, କିମ୍ବା ବାତାସ ଅଧିକ ହେଲେ ସୁରକ୍ଷିତ ଜାଗାକୁ ଯିବା ଭଲ।	1	Puri	ory_Orya
31	ଦେଖିଲେ ଯଦି ଓଡ଼ିଶାର ଏକ ଝଡ଼ ପରେ ଚାଷଜମିରେ ମାଟିକୁ ହାତରେ ଚିପି ଦେଖୁଛ। ମାଟି ଅତି ଭିଜା କି ନୁହେଁ ଏବଂ ଚାଷ ପାଇଁ ହାଲୁକା କରାଯିବା ଯୋଗ୍ୟ କି ନୁହେଁ କେମିତି ବୁଝିବ?	ମାଟି ଯେତେ ଅଧିକ ଭିଜା ଥାଏ ସେତେ ହାଲୁକା ହୋଇଯାଏ। ମୁଠି ମାରିଲେ ଧୁଳି ଉଡ଼ିଲେ ମାନେ ମାଟି ଭିଜା।	ସାଧାରଣତଃ ମୁଠିରେ ମାଟି ଧରି ଚିପିଲେ ଯଦି ଗୋଲା ହୋଇ ଲେପ ଲାଗୁଛି ଏବଂ ଆଙ୍ଗୁଳିରେ ଚିପଚିପା ଲାଗୁଛି ତେବେ ମାଟି ଅତି ଭିଜା। ଭଲ ଅବସ୍ଥାରେ ମାଟି ଗୋଲା ହୋଇଲେ ମଧ୍ୟ ହାଲୁକା ଚାପରେ ଭାଙ୍ଗିଯାଏ ଏବଂ ହାତରେ ଲେପ ଅଧିକ ରହେ ନାହିଁ।	1	Agriculture	ory_Orya
32	କଳ୍ପନା କର ଝଡ଼ ବର୍ଷା ପରେ ଧାନ ଗୋଦାମରେ ଜୁଟ୍ ବସ୍ତାରେ ଧାନ ରଖାଅଛି। ବସ୍ତା ଭିଜାପନ ଓ ଧାନର ଗନ୍ଧ ଦେଖି କେମିତି ଜାଣିବ ଯେ ଚାଉଳ ନଷ୍ଟ ହେବା ଝୁମ୍ପରେ?	ଜୁଟ୍ ବସ୍ତା ଭିଜିଲେ ଧାନ ଅଧିକ ସୁକା ରହେ ଏବଂ ଗନ୍ଧ ଭଲ ହୋଇଯାଏ। ତେଣୁ ଚିନ୍ତାର କଥା ନୁହେଁ।	ବାସ୍ତବରେ ଜୁଟ୍ ବସ୍ତା ଭିଜା ଲାଗୁଛି କିମ୍ବା ଧାନରୁ ଟାଣ ଗନ୍ଧ ଆସୁଛି ତେବେ ଆର୍ଦ୍ରତା ବଢ଼ିଛି ବୋଲି ଧାରଣା। ଦାଣା ହାତରେ ଧରିଲେ ଅତି ନରମ ଲାଗିବା କିମ୍ବା ଚିପଚିପା ହେବା ମଧ୍ୟ ଖରାପ ସଙ୍କେତ। ଏଭଳି ଅବସ୍ଥାରେ ଶୀଘ୍ର ଧାନକୁ ପସାରି ଶୁଖାଇବା ଦରକାର।	1	Agriculture	ory_Orya
33	ଚାଷ ଜମିକୁ ଯାଇ ଝଡ଼ ପରେ ଜଳାବଦ୍ଧ ଥିବା ଧାନଚାରାକୁ ଉଠାଇ ଦେଖ। ଚାରାର ମୂଳ ମଜବୁତି ଓ ପତ୍ରର ରଙ୍ଗ ଦେଖି ବଞ୍ଚିବା ସମ୍ଭାବନା କେମିତି ମାପିବ?	ଜଳରେ ରହିଲେ ମୂଳ ଅଧିକ ଦୃଢ଼ ହୋଇଯାଏ ଏବଂ ପତ୍ର ହଳଦିଆ ହେଲେ ମାନେ ଗଛ ଖୁସି ଅଛି।	ଏପରି ସ୍ଥିତିରେ ମୂଳ ଟାଣିଲେ ସହଜରେ ଖୁଲିଯାଉଛି କିମ୍ବା ମୂଳ ନରମ ଓ ଗଲାଗଲା ଲାଗୁଛି ତେବେ ଚାରା ଦୁର୍ବଳ। ପତ୍ର ଗାଢ଼ ସବୁଜ ଥିଲେ ଭଲ ସଙ୍କେତ ଯେ ଗଛ ଏପର୍ଯ୍ୟନ୍ତ ସଚଳ। ଅତି ହଳଦିଆ କିମ୍ବା ବୁନା ଛାପ ଥିଲେ ଜଳାବଦ୍ଧତାର ଷ୍ଟ୍ରେସ୍ ସୂଚାଏ।	1	Agriculture	ory_Orya
34	ଧର ଓଡ଼ିଶାର ଉପକୂଳରେ ଝଡ଼ ପରେ ମାଟିରେ ଲୁଣିଆ ପାଣି ରହିଗଲା। ହାତରେ ମାଟି ଛୁଇଁ ଏବଂ ସୁକିଲାପରେ ସତହର ଦାଗ ଦେଖି ଲବଣତା କିପରି ଧରିପାରିବ?	ଲୁଣିଆ ପାଣି ଲାଗିଲେ ମାଟି ଏକଦମ କଳା ହୋଇଯାଏ ଏବଂ ସୁକିଲେ କୌଣସି ପାଉଡ଼ର ଦାଗ ରହେ ନାହିଁ।	ଭଲ ଧ୍ୟାନ ଦେଲେ ସୁକିଲା ପରେ ମାଟିର ଉପରେ ହାଲୁକା ସଫେଦ ପତଳା ପରତ କିମ୍ବା ଦାଗ ଦେଖାଯାଇପାରେ ଯାହା ଲୁଣର ଚିହ୍ନ ହୋଇପାରେ। ମାଟି ଛୁଇଁଲେ ଅଧିକ କଠିନ ହେବା ଓ ଚାରା ଲଗାଇଲେ ପତ୍ର ଶୀଘ୍ର ମଲିବା ମଧ୍ୟ ଲବଣତାର ପ୍ରଭାବ ସୂଚାଏ।	1	Agriculture	ory_Orya
35	ଭାବ ଝଡ଼ର ପବନରେ କଦଳୀ ଗଛ ଭାଙ୍ଗିଗଲା। ଗଛର ତଣ୍ଡକୁ କଟି ଦେଖିଲେ ଭିତର ରେଶା ଓ ପାଣିଆପନ ଆଧାରରେ “ତାଜା ଭାଙ୍ଗିଲା” ନା “ପୂର୍ବରୁ ପଚିଥିଲା” କିପରି ଅଲଗା କରିବ?	ତାଜା ଭାଙ୍ଗିଲେ ଭିତର ଏକଦମ ଶୁଖିଲା ଓ ଖରାପ ଲାଗେ। ପଚିଥିଲେ ଭିତର ଟାଇଟ୍ ଓ ସୁକାଉଥାଏ।	ସାଧାରଣତଃ ତାଜାଭାବେ ଭାଙ୍ଗିଲେ ତଣ୍ଡ ଭିତରେ ଅଧିକ ପାଣିଆପନ ଏବଂ ସଫା ରେଶା ଦେଖାଯାଏ। ପୂର୍ବରୁ ପଚିଥିଲେ ଭିତର ରଙ୍ଗ ଧୂସର/ବୁନା ହୋଇପାରେ ଏବଂ ଗନ୍ଧ ଅସୁବିଧାଜନକ ଲାଗିପାରେ। କଟା ସତହ ଅତି ନରମ ଓ ଚିପଚିପା ହେଲେ ପଚନର ସଙ୍କେତ ହୁଏ।	1	Agriculture	ory_Orya
36	ଏକଥା ଚେକ୍ କର ଝଡ଼ ପରେ ଆମ୍ବ ଗଛର ଛାଲ ଉଠିଗଲା କିମ୍ବା ଡାଳ ଫାଟିଗଲା। ଛାଲର ଟେକ୍ସଚର ଓ ଫାଟର ଧାର ଦେଖି କେତେ ନୂଆ କ୍ଷତ ହେଉଛି ତାହା କେମିତି ଚିହ୍ନଟ କରିବ?	ନୂଆ କ୍ଷତ ହେଲେ ଫାଟ ଧାର ଗାଢ଼ କଳା ହୋଇଯାଏ ଏବଂ ଛାଲ ପଥର ପରି କଠିନ ଲାଗେ।	ଉଚିତ ଭାବେ ଦେଖିଲେ ନୂଆ କ୍ଷତର ଧାର ସାଧାରଣତଃ ହଳୁକା ଭିଜା ଏବଂ ତାଜା କାଠର ରଙ୍ଗ ଦେଖାଏ। ପୁରୁଣା କ୍ଷତରେ ଧାର ଶୁଖିଯାଇ ଧୂସର/କଳା ହୋଇପାରେ ଏବଂ ଛାଲ ଅଧିକ ଖରାପ ଲାଗେ। ନୂଆ ଫାଟରୁ କେବେକେବେ ହାଲୁକା ରସ ଚୁଇଁପାରେ।	1	Agriculture	ory_Orya
37	ଆଜି ଝଡ଼ ପରେ ଗୋଠଘରର ଛାଦକୁ ପଲିଥିନ୍ ତାରପୋଲିନ୍‌ ଦେଇ ଢାକିବାକୁ ଯାଉଛ। ତାରପୋଲିନ୍‌ର ମୋଟାଇ ଓ ଫାଟିବା ସମ୍ଭାବନା କିପରି ଯାଞ୍ଚ କରିବ?	ଯେତେ ପତଳା ତାରପୋଲିନ୍ ସେତେ ଦୃଢ଼ ଏବଂ ପବନରେ ଫାଟେ ନାହିଁ। ମୋଟା ହେଲେ ସହଜରେ ଛିଡ଼ିଯାଏ।	ସାଧାରଣତଃ ଅଧିକ ମୋଟା ଏବଂ ଘନ ବୁନାଇ ଥିବା ତାରପୋଲିନ୍‌ ପବନ ଓ ବର୍ଷାକୁ ଭଲ ସହିପାରେ। ହାତରେ ଟାଣିଲେ ଯଦି ଧାର ପାଖରେ ଫାଇବର ଛୁଟୁଛି କିମ୍ବା ଛୋଟ ଚିରା ଦେଖାଯାଉଛି ତେବେ ସେ ଦୁର୍ବଳ। ଗ୍ରମେଟ୍/ରସି ବାନ୍ଧାଯାଉଥିବା ଜାଗା ମଜବୁତ ଅଛି କି ନାହିଁ ମଧ୍ୟ ଚେକ୍ କରିବା ଦରକାର।	1	Agriculture	ory_Orya
38	ସନ୍ଧ୍ୟାବେଳେ ଝଡ଼-ରିଲିଫ୍‌ କ୍ୟାମ୍ପରେ ବାଳୁକା ବସ୍ତା ଭରି ରଖୁଛ। ଭିଜା ବାଳୁକା ଓ ସୁକା ବାଳୁକାର ଓଜନ ଓ “ଧରିରହିବା” ଗୁଣରେ କେଉଁ ତଫାତ ହୁଏ?	ସୁକା ବାଳୁକା ଅଧିକ ଭାରୀ ହୁଏ ଏବଂ ବସ୍ତା ଭିତରେ ପକା ଧରି ରହେ। ଭିଜା ବାଳୁକା ହାଲୁକା ହୋଇ ବାହାରକୁ ଖସିଯାଏ।	ବାସ୍ତବରେ ଭିଜା ବାଳୁକା ପାଣି ଥିବାରୁ ଅଧିକ ଭାରୀ ଲାଗେ ଏବଂ ଦାଣାଗୁଡ଼ିକ ଆଉଁଟି ଧରିଥାଇ ଭଲ ପ୍ୟାକ୍ ହୁଏ। ସୁକା ବାଳୁକା ହାଲୁକା ହୋଇପାରେ ଏବଂ ବସ୍ତା ଭିତରେ ଢିଲା ରହି ଆକାର ଶୀଘ୍ର ବଦଳାଇପାରେ। ସେହିପାଇଁ flood-barrier ପାଇଁ ହାଲୁକା ଭିଜା ବାଳୁକା ଅଧିକ କାମ ଦେଇପାରେ।	1	Agriculture	ory_Orya
39	ପାଣି ହଟିଲା ପରେ ଚାଷୀ ଭାବେ ମଞ୍ଜି ଅଙ୍କୁରଣ ଟେଷ୍ଟ କରୁଛ। ମଞ୍ଜିକୁ ଭିଜା କପଡ଼ାରେ ରଖି ଦୁଇ ଦିନ ପରେ ଛୁଇଁ ଏବଂ ଦେଖି କେମିତି ବୁଝିବ ଯେ ମଞ୍ଜି ଜୀବନ୍ତ କି ନୁହେଁ?	ଭଲ ମଞ୍ଜି ଭିଜିଲେ ସାଥିସାଥି ଦୁଧିଆ ରଙ୍ଗ ହୋଇଯାଏ ଏବଂ ଗନ୍ଧ ତୀବ୍ର ହୁଏ। ଅଙ୍କୁର ନ ଆସିଲେ ମଧ୍ୟ ଠିକ୍।	ଭଲ ମଞ୍ଜି ଭିଜା ଅବସ୍ଥାରେ ଅତି ଗଲାଗଲା ହୋଇନଥାଏ ଏବଂ ଚିପିଲେ ସହଜରେ ଲେପ ହୁଏ ନାହିଁ। ୧–୨ ଦିନରେ ଛୋଟ ସଫେଦ ଅଙ୍କୁର ବାହାରିଲେ ଜୀବନ୍ତତାର ସଙ୍କେତ। ଯଦି ଦୁର୍ଗନ୍ଧ ଆସେ ଏବଂ ମଞ୍ଜି ନରମ ହୋଇ ଭାଙ୍ଗିଯାଏ ତେବେ ନଷ୍ଟ ହେବା ସମ୍ଭାବନା ଅଧିକ।	1	Agriculture	ory_Orya
40	ଲକ୍ଷ୍ୟ କର ଓଡ଼ିଶାର ଝଡ଼ ପରେ ପୋଖରୀର ପାଣି ଗୋଲା ହୋଇଯାଇଛି। ପାଣିର ରଙ୍ଗ ଓ ଗନ୍ଧ ଆଧାରରେ ମାଛଚାଷ ପାଇଁ ଝୁମ୍ପ କେମିତି ଚିହ୍ନଟ କରିବ?	ପାଣି ଯେତେ ଅଧିକ କଳା ହୁଏ ସେତେ ସୁଚ୍ଛ। ଗନ୍ଧ ଆସିଲେ ମାନେ ଅକ୍ସିଜେନ୍ ବଢ଼ିଛି।	ସାଧାରଣତଃ ପାଣି ଅତି ମାଟିଆ-ବୁନା ହୋଇଗଲେ ଏବଂ ଗନ୍ଧ କାଦୁଆ/ପଚା ଭଳି ଲାଗିଲେ ଜଳଗୁଣ ଖରାପ ହେବାର ସଙ୍କେତ ହୋଇପାରେ। ଏଭଳି ଅବସ୍ଥାରେ ମାଛ ଉପରପଟେ ମୁହଁ କରି ହାଫୁଛି କି ନାହିଁ ଦେଖିଲେ ମଧ୍ୟ ଧାରଣା ମିଳେ। ଗୋଲାପନ କମେଇବା ପାଇଁ ପାଣି ଚଳାଚଳ କରାଇବା ଓ ଅତିରିକ୍ତ ଖାଦ୍ୟ ନ ଦେବା ସହାୟକ ହୋଇପାରେ।	1	Agriculture	ory_Orya
41	ମନେ ରଖ ଝଡ଼ ପରେ ଗାଈ-ଖାଦ୍ୟ ଖୋରାକ (ପୁଆଳ) ଭିଜିଗଲା। ଛୁଇଁ ଦେଖି ଏବଂ ଗନ୍ଧ ନେଇ କିପରି ବୁଝିବ ଯେ ଫଫୁଁଦ ଲାଗୁଛି କି ନାହିଁ?	ଫଫୁଁଦ ଲାଗିଲେ ପୁଆଳ ଅଧିକ ସୁଗନ୍ଧ ହୋଇଯାଏ ଏବଂ ଛୁଆଁଲେ ସୁକା ଲାଗେ।	ଭଲ ଯାଞ୍ଚ କଲେ ଫଫୁଁଦ ଲାଗିଥିବା ପୁଆଳରୁ ଟାଣ ଗନ୍ଧ ଆସିପାରେ ଏବଂ ଛୁଆଁଲେ ଅଳ୍ପ ଚିପଚିପା କିମ୍ବା ଅତି ନରମ ଲାଗିପାରେ। କେବେକେବେ ସଫେଦ/ହଳଦିଆ ପାଉଡ଼ର ଭଳି ଲେପ ଦେଖାଯାଏ। ଏଭଳି ଖାଦ୍ୟ ପଶୁକୁ ଦେଲେ ସମସ୍ୟା ହୋଇପାରେ ତେଣୁ ଅଲଗା କରି ଶୁଖାଇବା କିମ୍ବା ବଦଳାଇଦେବା ଉଚିତ।	1	Agriculture	ory_Orya
42	କଳ୍ପନା କର ଓଡ଼ିଶାର ମ୍ୟାଙ୍ଗ୍ରୋଭ୍ ଅଞ୍ଚଳରେ ଝଡ଼ ପରେ ଗଛ ଟିକିରହିଲା କାହିଁକି। ମ୍ୟାଙ୍ଗ୍ରୋଭ୍ ମୂଳର ଗଠନ ଓ ଲଚିଳାପନ ଦିଗରୁ କ’ଣ ଦେଖିବ?	ମ୍ୟାଙ୍ଗ୍ରୋଭ୍ ଗଛର ମୂଳ ଗୋଟେ ମାତ୍ର ସିଧା ଗୋଟିଏ ଡଣ୍ଡ ଭଳି ଥାଏ ଏବଂ ଲଚିଳାପନ ନଥାଏ। ତେଣୁ ଝଡ଼ରେ ଟିକିରହେ।	ମ୍ୟାଙ୍ଗ୍ରୋଭ୍ ଗଛରେ ଅନେକ ଶାଖା-ଶାଖା ମୂଳ ଓ ବାହାରକୁ ବାହାରିଥିବା ପ୍ରପ୍ ରୁଟ୍ ଦେଖାଯାଇପାରେ ଯାହା ମାଟିକୁ ଭଲ ଧରିଥାଏ। ପବନ ଓ ଲହରୀରେ ଗଛ କିଛି ଲଚିଲା ଭାବେ ହଲୁଚିଲେ ମଧ୍ୟ ମୂଳ ଗଠନ ଯୋଗୁଁ ଉପୁଡ଼ିବା କମ୍ ହୁଏ। ଏହାକୁ ଦେଖି ଝଡ଼-ପ୍ରତିରୋଧର ଭୌତିକ କାରଣ ଧରାପଡ଼େ।	1	Agriculture	ory_Orya
43	ଯଦି ଝଡ଼ ପରେ ରିଲିଫ୍‌ କ୍ୟାମ୍ପରେ ପିଇବା ପାଣି ଟାଙ୍କିର ପାଣି ଅଳ୍ପ ଗୋଲା ଦେଖାଯାଏ ତେବେ ତାହାର ପାରଦର୍ଶିତା ଓ ଗନ୍ଧ ଆଧାରରେ କଣ କରିବା ଭଲ?	ଗୋଲା ପାଣି ଅଧିକ ପୋଷକ ଥାଏ ତେଣୁ ସିଧା ପିଇଲେ ଠିକ୍।	ପାଣି ଗୋଲା ଏବଂ ଗନ୍ଧ ଅସ୍ୱାଭାବିକ ଲାଗିଲେ ସିଧା ପିଇବା ଉଚିତ ନୁହେଁ। ଫିଲ୍ଟର କରିବା କିମ୍ବା ସଫା ପାଣିର ବ୍ୟବସ୍ଥା କରି ତାପରେ ଉପଯୋଗ କରିବା ଭଲ।	1	Agriculture	ory_Orya
44	ପୁନର୍ବାସ ସମୟରେ ପ୍ଲାଷ୍ଟିକ୍ ରେସନ୍ ପ୍ୟାକେଟ୍ ମିଳିଲା। ପ୍ୟାକେଟ୍‌ ଭିତରକୁ ଆର୍ଦ୍ରତା ଯାଉଛି କି ନାହିଁ କିପରି ଧରିବ?	ପ୍ୟାକେଟ୍‌ ମୋଟା ଥିଲେ ଆପେଆପେ ଭିତର ଖାଦ୍ୟ ଭିଜିଯାଏ ଏବଂ ଭଲ ରହେ।	ପ୍ୟାକେଟ୍‌ ଭିତରେ ଝୁରା ଖାଦ୍ୟ ଗାଠି ହୋଇଯିବା କିମ୍ବା ପ୍ୟାକେଟ୍‌ ଭିତରେ ବାପ ଧରା ପରି ଦେଖାଗଲେ ଆର୍ଦ୍ରତା ପ୍ରବେଶ ହୋଇଛି ବୋଲି ବୁଝାଯାଏ। ସିଲ୍‌ ଭାଙ୍ଗା ଅଛି କି ନାହିଁ ମଧ୍ୟ ଚେକ୍ କରିବା ଦରକାର।	1	Agriculture	ory_Orya
45	ଝଡ଼ ପରେ ଚାରା ଲଗାଇବାକୁ ମାଟି ଖୋଡ଼ୁଛ। ମାଟି ଅତି କଠିନ ହୋଇଗଲେ କୋଦାଳ ଲାଗିଲାବେଳେ ଧ୍ୱନି ଓ ଖଣ୍ଡ ଭାଙ୍ଗିବା ଧରଣ ଦେଖି କଣ ବୁଝିବ?	କଠିନ ମାଟିରେ କୋଦାଳ ପଡ଼ିଲେ ଧୀରେ ଶବ୍ଦ ହୁଏ ଏବଂ ମାଟି ଧୂଳି ପରି ହୋଇଯାଏ।	କଠିନ ମାଟିରେ ଆଘାତ ପଡ଼ିଲେ ଟକ୍‌ ଟକ୍‌ ଭଳି ଧାରାଳ ଶବ୍ଦ ହୋଇପାରେ ଏବଂ ବଡ଼ ବଡ଼ ଗାଠି ଭାଙ୍ଗିପଡ଼େ। ଏହା ମାଟିର ଆର୍ଦ୍ରତା କମ୍ କିମ୍ବା ଅତ୍ୟଧିକ ସଂକୋଚନ ସୂଚାଏ।	1	Agriculture	ory_Orya
46	ବନ୍ୟପ୍ରାଣୀ ଦିଗରୁ ଝଡ଼ ପରେ ଗାଁ ପାଖରେ ସାପ ଦେଖାଯାଉଛି। ଭିଜା ମାଟି ଓ ତାପମାତ୍ରା ଭଳି ଭୌତିକ ପରିବର୍ତ୍ତନ ଯୋଗୁଁ ଏହା କେମିତି ସମ୍ଭବ?	ସାପ ସବୁବେଳେ ଶୁଖିଲା ମାଟିରେ ମାତ୍ର ରହେ ଏବଂ ଭିଜା ମାଟିକୁ ଆସେ ନାହିଁ।	ଝଡ଼ ପରେ ଗୁହା/ଗର୍ତ୍ତ ଜଳଭରା ହେଲେ ସାପ ଉଚ୍ଚ ଏବଂ ଶୁଖିଲା ସ୍ଥାନକୁ ସରିପାରେ। ଭିଜା ମାଟିରେ ତାଙ୍କର ଚଳାଚଳ ଅଧିକ ସହଜ ହୋଇପାରେ ଏବଂ ଖାଦ୍ୟ ଖୋଜିବା ଆଚରଣ ମଧ୍ୟ ବଦଳିପାରେ।	1	Agriculture	ory_Orya
47	ଓଡ଼ିଶାର ଜଙ୍ଗଲି ଉଦ୍ଭିଦ ଉପରେ ଝଡ଼ ପରେ ପତ୍ରରେ ଧୂଳି-କାଦୁଆ ଲେପ ଲାଗିଛି। ଗଛକୁ ପାଣି ଛିଟାଇ ସଫା କଲେ ପତ୍ରର ଟେକ୍ସଚର ଓ ରଙ୍ଗ କେମିତି ବଦଳିବ?	ପାଣି ଛିଟାଇଲେ ପତ୍ର ଅଧିକ ଧୂସର ହୋଇଯାଏ ଏବଂ ଟେକ୍ସଚର କଠିନ ହୋଇଯାଏ।	କାଦୁଆ ଲେପ ହଟିଲେ ପତ୍ରର ସବୁଜ ରଙ୍ଗ ଅଧିକ ସ୍ପଷ୍ଟ ଦେଖାଯାଇପାରେ ଏବଂ ପୃଷ୍ଠତଳ ମସ୍ତ ଲାଗିପାରେ। ଅତ୍ୟଧିକ ଜୋରରେ ମଝିଲେ କିଛି କୋମଳ ପତ୍ର ଫାଟିପାରେ ତେଣୁ ହାଲୁକା ଭାବେ ସଫା କରିବା ଭଲ।	1	Agriculture	ory_Orya
48	ଝଡ଼ ପରେ ଟୋକରା/ପ୍ଲାଷ୍ଟିକ୍ କ୍ରେଟ୍‌ରେ ସବ୍ଜି ଉଠାଉଛ। ଭିଜା ଟୋକରା ଓ ସୁକା ଟୋକରାର ଘର୍ଷଣ ଦିଗରେ କେଉଁ ତଫାତ ମିଳିବ?	ଭିଜା ଟୋକରା ସବୁବେଳେ ଅଧିକ ଗ୍ରିପ୍ ଦିଏ ଏବଂ ହାତରୁ ଖସେ ନାହିଁ।	ଭିଜା ପ୍ଲାଷ୍ଟିକ୍ କ୍ରେଟ୍ କେବେକେବେ ଅଧିକ ପିଛଳ ଲାଗିପାରେ ଏବଂ ଧରିବାବେଳେ ଖସିବା ଝୁମ୍ପ ବଢ଼େ। ସୁକା ଅବସ୍ଥାରେ ଘର୍ଷଣ ଅଧିକ ଥାଇ ଧରିବା ସହଜ ହୋଇପାରେ।	1	Agriculture	ory_Orya
49	ଝଡ଼-ରିଲିଫ୍‌ରେ ଦିଆଯାଇଥିବା କମ୍ବଳକୁ ଭିଜିଗଲା ପରେ ଶୁଖାଉଛ। ଭିଜା କମ୍ବଳର ଓଜନ ଓ ଶୁଖା କମ୍ବଳର ଓଜନ ଏତେ ଭିନ୍ନ କାହିଁକି?	ଭିଜିଲେ କମ୍ବଳ ହାଲୁକା ହୋଇଯାଏ କାରଣ ପାଣି ଓଜନ କମାଇଦିଏ।	ଭିଜିଲେ କମ୍ବଳ ଫାଇବର ଭିତରେ ପାଣି ଧରିରଖେ ତେଣୁ ଓଜନ ବଢ଼ିଯାଏ। ଶୁଖିଗଲା ପରେ ପାଣି ଉଠିଯାଇ ଓଜନ ପୁନି କମିଯାଏ।	1	Agriculture	ory_Orya
50	ପଶୁ ଆଶ୍ରୟଘର ପାଖରେ କାଦୁଆ ରାସ୍ତାରେ ଚାଲିବାବେଳେ ଗାଈର ଖୁର ଉପରେ କାଦୁଆ ଲଗିଯାଏ। କାଦୁଆର ଲେପ ଓ ପିଛଳାପନ ଯୋଗୁଁ କଣ ଭୌତିକ ଅସୁବିଧା ହୋଇପାରେ?	କାଦୁଆ ଲଗିଲେ ଖୁର ଅଧିକ ଟାଇଟ୍ ଓ ସୁକା ହୋଇଯାଏ ତେଣୁ ପଶୁ ଦୌଡ଼ିପାରେ।	କାଦୁଆ ଲେପ ଖୁରକୁ ପିଛଳ କରିଦିଏ ଏବଂ ଚାଲିବାବେଳେ ସ୍ଲିପ୍ ହେବାର ଝୁମ୍ପ ବଢ଼ାଏ। ଦୀର୍ଘ ସମୟ ଭିଜା କାଦୁଆରେ ରହିଲେ ଖୁର ଚାରିପାଖ ନରମ ହୋଇ ଘା ହେବାର ସମ୍ଭାବନା ମଧ୍ୟ ରହେ।	1	Agriculture	ory_Orya
51	ଦେଖିଲେ ଯଦି ଓଡ଼ିଆ ଝୁଲା ପିଠା ହାତରେ ଧରୁଛ, ତାହାର ଟେକ୍ସଚର କେମିତି ହେବ? ଭାପରେ ସିଝିଥିବା ପିଠାର ନରମତା ଓ ଚିପଚିପାପନ କେମିତି ଚିହ୍ନଟ କରିବ?	ଝୁଲା ପିଠା ସାଧାରଣତଃ ଭାପରେ ସିଝିଥିବାରୁ କଠିନ ଓ ହାଲୁକା ଚିପଚିପା ଲାଗେ। ଛୁଇଁଲେ ପୃଷ୍ଠତଳ ମସୃଣ ଏବଂ ଭିତର ଅଂଶ ନମ୍ର ରହିଥାଏ, ଯାହା ଭାପ-ସିଝା ଖାଦ୍ୟର ସାଧାରଣ ଗୁଣ।	ଝୁଲା ପିଠା ସାଧାରଣତଃ ଭାପରେ ସିଝିଥିବାରୁ ନରମ ଓ ହାଲୁକା ଚିପଚିପା ଲାଗେ। ଛୁଇଁଲେ ପୃଷ୍ଠତଳ ମସୃଣ ଏବଂ ଭିତର ଅଂଶ ନମ୍ର ରହିଥାଏ, ଯାହା ଭାପ-ସିଝା ଖାଦ୍ୟର ସାଧାରଣ ଗୁଣ।	1	Food	ory_Orya
52	କଳ୍ପନା କର ତୁମେ ଓଡ଼ିଶାର “ପଖାଳ” ଖାଇବାକୁ ଯାଉଛ। ଏହାର ଗନ୍ଧ, ଖଟା-ଭାବ, ଏବଂ ଭାତର ଦାଣା ଫୁଲିଥିବା/ଭାଙ୍ଗିଥିବା ଦେଖି କଣ ବୁଝିବ?	ପଖାଳରେ ହାଲୁକା ଖଟା ଗନ୍ଧ ଥାଇପାରେ କାରଣ ଏହା ହଳୁକା ଫର୍ମେଣ୍ଟ ହୁଏ। ଭାତର ଦାଣା କଠିନ ଓ ଫୁଲା ଦେଖାଯାଏ; ଅତି ଭାଙ୍ଗିଯାଇଥିଲେ ବହୁତ ହଳୁଆ/ଗୋଲା ଲାଗିପାରେ, କିନ୍ତୁ ସାଧାରଣତଃ ନମ୍ର ରହେ।	ପଖାଳରେ ହାଲୁକା ଖଟା ଗନ୍ଧ ଥାଇପାରେ କାରଣ ଏହା ହଳୁକା ଫର୍ମେଣ୍ଟ ହୁଏ। ଭାତର ଦାଣା ନରମ ଓ ଫୁଲା ଦେଖାଯାଏ; ଅତି ଭାଙ୍ଗିଯାଇଥିଲେ ବହୁତ ହଳୁଆ/ଗୋଲା ଲାଗିପାରେ, କିନ୍ତୁ ସାଧାରଣତଃ ନମ୍ର ରହେ।	1	Food	ory_Orya
53	ଭାବ, ଓଡ଼ିଆ ଦାଲମା ପାକିଗଲା ପରେ ତୁମେ ଚମଚରେ ଉଠାଇ ଦେଖୁଛ। ଡାଲର ଘନତା, ଶାକ-ସବ୍ଜିର ଆକାର, ଏବଂ ଗନ୍ଧ ଆଧାରରେ ଏହା “ଭଲ ସିଝିଛି” କି ନୁହେଁ କିପରି ଧରିବ?	ଭଲ ଦାଲମାରେ ଡାଲ ହାଲୁକା ଘନ ଥାଏ ଏବଂ ସବ୍ଜି ଟୁକୁଡ଼ା କଠିନ ହୋଇ ମଧ୍ୟ ଆକାର ଧରିଥାଏ। ଜିରା/ହଳଦୀ/ଘିଅ ଭଳି ମସଲାର ସୁଗନ୍ଧ ସ୍ପଷ୍ଟ ଆସେ, ଯାହା ସିଝିବା ଓ ଫୁଟିବା ଠିକ୍ ହୋଇଛି ବୋଲି ସଙ୍କେତ ଦେଉଛି।	ଭଲ ଦାଲମାରେ ଡାଲ ହାଲୁକା ଘନ ଥାଏ ଏବଂ ସବ୍ଜି ଟୁକୁଡ଼ା ନରମ ହୋଇ ମଧ୍ୟ ଆକାର ଧରିଥାଏ। ଜିରା/ହଳଦୀ/ଘିଅ ଭଳି ମସଲାର ସୁଗନ୍ଧ ସ୍ପଷ୍ଟ ଆସେ, ଯାହା ସିଝିବା ଓ ଫୁଟିବା ଠିକ୍ ହୋଇଛି ବୋଲି ସଙ୍କେତ ଦେଉଛି।	1	Food	ory_Orya
54	ଦୟାକରି ଧ୍ୟାନ ଦିଅ: ଓଡ଼ିଶାର ଛେନାପୋଡ଼ା କଟିଲେ ତାହାର ରଙ୍ଗ ଓ ଟେକ୍ସଚର କେମିତି ଥାଏ? ଉପର ଭାଗର କାରାମେଲ୍ ଲେୟର୍ ଓ ଭିତର ନରମତା କହ।	ଛେନାପୋଡ଼ାର ଉପରେ ସାଧାରଣତଃ ଗାଢ଼ ବୁନା/କାରାମେଲ୍ ରଙ୍ଗର ପରତ ଥାଏ ଯାହା ହାଲୁକା କଠିନ ଲାଗିପାରେ। ଭିତର ଭାଗ କଠିନ, ଅଳ୍ପ ଦାଣାଦାର ଓ ମଇଶ୍ଚର୍ ଥିବାରୁ ରସାଳ ଲାଗେ।	ଛେନାପୋଡ଼ାର ଉପରେ ସାଧାରଣତଃ ଗାଢ଼ ବୁନା/କାରାମେଲ୍ ରଙ୍ଗର ପରତ ଥାଏ ଯାହା ହାଲୁକା କଠିନ ଲାଗିପାରେ। ଭିତର ଭାଗ ନରମ, ଅଳ୍ପ ଦାଣାଦାର ଓ ମଇଶ୍ଚର୍ ଥିବାରୁ ରସାଳ ଲାଗେ।	1	Food	ory_Orya
55	ଧର ତୁମେ ଓଡ଼ିଆ ବାରା (ଦାଲ ବଡ଼ା) ତେଲରୁ ଉଠାଇ ଦେଖୁଛ। “କ୍ରିସ୍ପି” ବାହାର ତଳ ଓ ଭିତର ନରମତା କିପରି ଚିହ୍ନଟ କରିବ? ଛୁଆଁ ଓ ଶବ୍ଦ ଧ୍ୟାନ ଦିଅ।	କ୍ରିସ୍ପି ବାରାର ବାହାର ତଳ ଟୁକୁଟୁକୁ/କଠିନ ଲାଗେ ଏବଂ ହାଲୁକା ଚେପିଲେ “କ୍ରଞ୍ଚ” ଭଳି ଅନୁଭବ ହୋଇପାରେ। ଭିତର ଭାଗ କଠିନ ଓ ସିଝା ଥାଏ; ତେଲ ଅଧିକ ଥିଲେ ବାହାରେ ଚିପଚିପା ଲାଗିପାରେ, ଯାହା ଅପେକ୍ଷାକୃତ କମ୍ ଭଲ ସଙ୍କେତ।	କ୍ରିସ୍ପି ବାରାର ବାହାର ତଳ ଟୁକୁଟୁକୁ/କଠିନ ଲାଗେ ଏବଂ ହାଲୁକା ଚେପିଲେ “କ୍ରଞ୍ଚ” ଭଳି ଅନୁଭବ ହୋଇପାରେ। ଭିତର ଭାଗ ନରମ ଓ ସିଝା ଥାଏ; ତେଲ ଅଧିକ ଥିଲେ ବାହାରେ ଚିପଚିପା ଲାଗିପାରେ, ଯାହା ଅପେକ୍ଷାକୃତ କମ୍ ଭଲ ସଙ୍କେତ।	1	Food	ory_Orya
56	ମନେ କର ଓଡ଼ିଆ “ଆଳୁ ଚୋକା” ପକାଇଛ। ଏହାର ଗନ୍ଧରେ ସୋରିଷ/ପିଆଜ/ଲଙ୍କାର ଭୂମିକା କିପରି ଧରିବ, ଏବଂ ଟେକ୍ସଚର ଦିଗରୁ “ମ୍ୟାସ୍” କେତେ ମସୃଣ କି କେତେ ଗାଠିଆ ହେବା ଉଚିତ?	ଆଳୁ ଚୋକାରେ ପିଆଜ, କাঁচା ଲଙ୍କା, ଓ ସୋରିଷ/ସୋରିଷ ତେଲ ଥିଲେ ହାଲୁକା ଟିକା-ତୀବ୍ର ଘ୍ରାଣ ଆସିପାରେ। ଟେକ୍ସଚର ସାଧାରଣତଃ ମ୍ୟାସ୍ ଥାଏ, ଅତି ରୁକୁଡ଼ା ନ ହୋଇ ହାଲୁକା ଗାଠିଆ ରହିପାରେ, କିନ୍ତୁ ପାଣିଆ ହେବା ଉଚିତ ନୁହେଁ।	ଆଳୁ ଚୋକାରେ ପିଆଜ, କাঁচା ଲଙ୍କା, ଓ ସୋରିଷ/ସୋରିଷ ତେଲ ଥିଲେ ହାଲୁକା ଟିକା-ତୀବ୍ର ଘ୍ରାଣ ଆସିପାରେ। ଟେକ୍ସଚର ସାଧାରଣତଃ ମ୍ୟାସ୍ ଥାଏ, ଅତି ମସୃଣ ନ ହୋଇ ହାଲୁକା ଗାଠିଆ ରହିପାରେ, କିନ୍ତୁ ପାଣିଆ ହେବା ଉଚିତ ନୁହେଁ।	1	Food	ory_Orya
57	ଚେକ୍ କର: ଓଡ଼ିଆ ବିବାହ ଭୋଜନର “କାନିକା” ଭାତ (ମିଠା ଭାତ) ଦାଣା ଭାଙ୍ଗିବା ନାହିଁ ଏବଂ ଘିଅର ଗନ୍ଧ ଠିକ୍ ରହିବା କିପରି ଦେଖିବ? ଚମଚରେ ଉଠାଇ ଦେଖ।	ଭଲ କାନିକାରେ ଭାତର ଦାଣା ଅଲଗା ଅଲଗା ଦେଖାଯାଏ ଏବଂ ଅତି ଭାଙ୍ଗି ଗୋଲା ହୋଇନଥାଏ। ଘିଅ, ଲବଙ୍ଗ/ଏଲାଇଚି ଭଳି ସୁଗନ୍ଧ ତୀବ୍ର ଭାବେ ଆସେ; ଅତି ଘିଅ ହେଲେ ତେଲିଆ ଭାବ ବଢ଼ିପାରେ, କିନ୍ତୁ ସାଧାରଣତଃ ସୁଗନ୍ଧ ମିଠା ଲାଗେ।	ଭଲ କାନିକାରେ ଭାତର ଦାଣା ଅଲଗା ଅଲଗା ଦେଖାଯାଏ ଏବଂ ଅତି ଭାଙ୍ଗି ଗୋଲା ହୋଇନଥାଏ। ଘିଅ, ଲବଙ୍ଗ/ଏଲାଇଚି ଭଳି ସୁଗନ୍ଧ ହାଲୁକା ଭାବେ ଆସେ; ଅତି ଘିଅ ହେଲେ ତେଲିଆ ଭାବ ବଢ଼ିପାରେ, କିନ୍ତୁ ସାଧାରଣତଃ ସୁଗନ୍ଧ ମିଠା ଲାଗେ।	1	Food	ory_Orya
58	ଭାବ, ଓଡ଼ିଆ ପୂଜା ପ୍ରସାଦ “ଖିରି” ର ରଙ୍ଗ ଓ ଘନତା କିପରି ହେବ? ଦୁଧ ଫୁଟିବାର ତାପ ଓ ଚାଉଳ/ସେମିଆର ଦାଣା ଆକାର ଧ୍ୟାନ ଦିଅ।	ଖିରି ସାଧାରଣତଃ ଧଳା କିମ୍ବା ହାଲୁକା କ୍ରିମ୍ ରଙ୍ଗର ହୁଏ ଏବଂ ଅଲ୍ପ ଘନ ଥାଏ। ଦୁଧ ଭଲ ଭାବେ ଫୁଟିଲେ ଗନ୍ଧ ମିଠା-ଦୁଧିଆ ଆସେ, ଏବଂ ଚାଉଳ/ସେମିଆ ଦାଣା କଠିନ ହୋଇ ଆକାର ଧରିଥାଏ; ଅତି ତାପରେ ଜଳିଗଲେ ତଳେ ଜଳା ଗନ୍ଧ ଆସିପାରେ।	ଖିରି ସାଧାରଣତଃ ଧଳା କିମ୍ବା ହାଲୁକା କ୍ରିମ୍ ରଙ୍ଗର ହୁଏ ଏବଂ ଅଲ୍ପ ଘନ ଥାଏ। ଦୁଧ ଭଲ ଭାବେ ଫୁଟିଲେ ଗନ୍ଧ ମିଠା-ଦୁଧିଆ ଆସେ, ଏବଂ ଚାଉଳ/ସେମିଆ ଦାଣା ନରମ ହୋଇ ଆକାର ଧରିଥାଏ; ଅତି ତାପରେ ଜଳିଗଲେ ତଳେ ଜଳା ଗନ୍ଧ ଆସିପାରେ।	1	Food	ory_Orya
59	ଦେଖ ଯଦି ଓଡ଼ିଶା ସୀ-ଫୁଡ୍‌ରେ ମାଛ ତାଜା କି ନୁହେଁ ଯାଞ୍ଚ କରୁଛ। ଗନ୍ଧ, ଚର୍ମର ଚମକ, ଏବଂ ମାଂସର ଦୃଢତା କେମିତି ଦେଖିବ?	ତାଜା ମାଛର ଗନ୍ଧ ଅତି ଟାଣ ନୁହେଁ, ହାଲୁକା ସମୁଦ୍ରିଆ ଗନ୍ଧ ଥାଇପାରେ। ଚର୍ମ ଚମକଦାର ଦେଖାଯାଇପାରେ ଏବଂ ମାଂସ ଚେପିଲେ ହାଲୁକା ଦୃଢ଼ ଲାଗି ଆକାରକୁ ପୁଣି ଫେରିଆସେ; ଅତି କଠିନ ହେଲେ ତାଜାପନ କମ୍ ହୋଇପାରେ।	ତାଜା ମାଛର ଗନ୍ଧ ଅତି ଟାଣ ନୁହେଁ, ହାଲୁକା ସମୁଦ୍ରିଆ ଗନ୍ଧ ଥାଇପାରେ। ଚର୍ମ ଚମକଦାର ଦେଖାଯାଇପାରେ ଏବଂ ମାଂସ ଚେପିଲେ ହାଲୁକା ଦୃଢ଼ ଲାଗି ଆକାରକୁ ପୁଣି ଫେରିଆସେ; ଅତି ନରମ ହେଲେ ତାଜାପନ କମ୍ ହୋଇପାରେ।	1	Food	ory_Orya
60	କଳ୍ପନା କର ତୁମେ ଚିଙ୍ଗୁଡ଼ି ଭାଜା ଖାଉଛ। ସଠିକ୍ ପକା ହେଲେ ରଙ୍ଗ, ଟେକ୍ସଚର, ଏବଂ ଚବାଇବାବେଳେ “ସ୍ପ୍ରିଙ୍ଗି” ଅନୁଭବ କେମିତି ହେବ?	ଚିଙ୍ଗୁଡ଼ି ଭଲ ପକା ହେଲେ ସାଧାରଣତଃ ହାଲୁକା ଗୋଲାପି/କମଳା ଟୋନ୍ ଆସିପାରେ। ଟେକ୍ସଚର କଠିନ କିନ୍ତୁ ଅଳ୍ପ “ସ୍ପ୍ରିଙ୍ଗି” ଥାଏ, ଅର୍ଥାତ୍ ଚବାଇଲେ ରବରି ନୁହେଁ, ହାଲୁକା ଦୃଢ଼ ଓ ରସାଳ। ଅତି ପକାଲେ ବେଶି ରବରି ହୋଇପାରେ।	ଚିଙ୍ଗୁଡ଼ି ଭଲ ପକା ହେଲେ ସାଧାରଣତଃ ହାଲୁକା ଗୋଲାପି/କମଳା ଟୋନ୍ ଆସିପାରେ। ଟେକ୍ସଚର ନରମ କିନ୍ତୁ ଅଳ୍ପ “ସ୍ପ୍ରିଙ୍ଗି” ଥାଏ, ଅର୍ଥାତ୍ ଚବାଇଲେ ରବରି ନୁହେଁ, ହାଲୁକା ଦୃଢ଼ ଓ ରସାଳ। ଅତି ପକାଲେ ବେଶି ରବରି ହୋଇପାରେ।	1	Food	ory_Orya
61	ଏକଥା ଭାବ: ଓଡ଼ିଆ ମାରିଏଜ୍ ଭୋଜନର “ମଟନ୍ କଷା” ର ଗନ୍ଧ ଓ ଘନ ଗ୍ରେଭି କେମିତି ହୁଏ? ମସଲାର ଗନ୍ଧ ଓ ତେଲ ଉପରେ ଭାସିବା ଲେୟର୍‌ ଦେଖି କ’ଣ ବୁଝିବ?	ଭଲ ମଟନ୍ କଷାରେ ଗ୍ରେଭି ଅପେକ୍ଷାକୃତ ଘନ ଲାଗେ ଏବଂ ଧୀରେ ଫୁଟି ମସଲାର ସୁଗନ୍ଧ ଗଭୀର ହୋଇଥାଏ। ଅନେକ ସମୟ ତୀବ୍ର ତେଲ ଲେୟର୍‌ ଉପରେ ଦେଖାଯାଏ, ଏହା ମସଲା ଭଜା ଭଲ ହୋଇଛି ବୋଲି ସଙ୍କେତ ହୋଇପାରେ, ଯଦିଓ ଅତିରିକ୍ତ ତେଲ ଭଲ ନୁହେଁ।	ଭଲ ମଟନ୍ କଷାରେ ଗ୍ରେଭି ଅପେକ୍ଷାକୃତ ଘନ ଲାଗେ ଏବଂ ଧୀରେ ଫୁଟି ମସଲାର ସୁଗନ୍ଧ ଗଭୀର ହୋଇଥାଏ। ଅନେକ ସମୟ ହାଲୁକା ତେଲ ଲେୟର୍‌ ଉପରେ ଦେଖାଯାଏ, ଏହା ମସଲା ଭଜା ଭଲ ହୋଇଛି ବୋଲି ସଙ୍କେତ ହୋଇପାରେ, ଯଦିଓ ଅତିରିକ୍ତ ତେଲ ଭଲ ନୁହେଁ।	1	Food	ory_Orya
62	ଚିହ୍ନଟ କର: ଓଡ଼ିଆ “ରସଗୋଲା” ଛୁଇଁଲେ ନରମତା ଓ ଭିତରେ ରସ ଧରିରହିବା କିପରି ଲାଗେ? ଚେପିଲେ ପୁଣି ଆକାରକୁ ଫେରେ କି?	ଭଲ ରସଗୋଲା କଠିନ ଓ ସ୍ପଞ୍ଜି ଲାଗେ; ହାଲୁକା ଚେପିଲେ ଆକାର ଅଳ୍ପ ଫେରିଆସେ। ଭିତରେ ଚିନି-ରସ ଥାଇ ରସାଳ ଅନୁଭବ ହୁଏ, କିନ୍ତୁ ଅତି ଚେପିଲେ ରସ ବାହାରିପାରେ, ଏହା ସାଧାରଣ।	ଭଲ ରସଗୋଲା ନରମ ଓ ସ୍ପଞ୍ଜି ଲାଗେ; ହାଲୁକା ଚେପିଲେ ଆକାର ଅଳ୍ପ ଫେରିଆସେ। ଭିତରେ ଚିନି-ରସ ଥାଇ ରସାଳ ଅନୁଭବ ହୁଏ, କିନ୍ତୁ ଅତି ଚେପିଲେ ରସ ବାହାରିପାରେ, ଏହା ସାଧାରଣ।	1	Food	ory_Orya
63	ଧ୍ୟାନ ଦେଅ: ଓଡ଼ିଆ “ମୁଡ଼ି-ଘୁଘୁନି” ଖାଇବାବେଳେ ମୁଡ଼ିର ଦାଣା ଆକାର ଓ କ୍ରଞ୍ଚି ଶବ୍ଦ କେମିତି ଥାଏ, ଯଦି ଘୁଘୁନି ଅଧିକ ଗରମ ଥାଏ ତେବେ ମୁଡ଼ି କିପରି ବଦଳିଯାଏ?	ମୁଡ଼ି ସାଧାରଣତଃ ହାଲୁକା ଓ ଦାଣାଦାର, ମୁହଁରେ ଦେଲେ କ୍ରଞ୍ଚି ଶବ୍ଦ ହୁଏ। ଘୁଘୁନି ଅଧିକ ଗରମ/ଭିଜା ହେଲେ ମୁଡ଼ି ଶୀଘ୍ର କଠିନ ହୋଇଯାଇ କ୍ରଞ୍ଚ କମିଯାଏ, ସେହିପାଇଁ ସେର୍ଭ କରିବା ସମୟରେ ଅଲଗା ରଖି ମିଶାଇ ଖାଇଲେ ଭଲ।	ମୁଡ଼ି ସାଧାରଣତଃ ହାଲୁକା ଓ ଦାଣାଦାର, ମୁହଁରେ ଦେଲେ କ୍ରଞ୍ଚି ଶବ୍ଦ ହୁଏ। ଘୁଘୁନି ଅଧିକ ଗରମ/ଭିଜା ହେଲେ ମୁଡ଼ି ଶୀଘ୍ର ନରମ ହୋଇଯାଇ କ୍ରଞ୍ଚ କମିଯାଏ, ସେହିପାଇଁ ସେର୍ଭ କରିବା ସମୟରେ ଅଲଗା ରଖି ମିଶାଇ ଖାଇଲେ ଭଲ।	1	Food	ory_Orya
64	ମନେ କର ତୁମେ ଓଡ଼ିଆ “ପୋଡ଼ା ପିଠା” ରେ ଭଜା ଗନ୍ଧ ଧରୁଛ। ପୋଡ଼ା ଗନ୍ଧ କେତେ ହେଲେ “ଭଲ କାରାମେଲ୍” ଆଉ କେତେ ହେଲେ “ଜଳିଗଲା” ବୋଲି ଲାଗିବ?	ହାଲୁକା କାରାମେଲ୍/ଭଜା ଗନ୍ଧ ଭଲ ଲାଗେ, କିନ୍ତୁ ହାଲୁକା ଜଳା ଗନ୍ଧ ଆସିଲେ ସମ୍ଭବତଃ ଅତିରିକ୍ତ ଜଳିଗଲା। ଭଲ ପୋଡ଼ା ପିଠାରେ ଉପରେ ହାଲୁକା ଗାଢ଼ ରଙ୍ଗ ଏବଂ ମିଠା-ଭଜା ସୁଗନ୍ଧ ଥାଏ, ଜଳିଗଲେ ତିତା ଗନ୍ଧ ଓ କଳା ଛାପ ଅଧିକ ଦେଖାଯାଏ।	ହାଲୁକା କାରାମେଲ୍/ଭଜା ଗନ୍ଧ ଭଲ ଲାଗେ, କିନ୍ତୁ ତୀବ୍ର ଜଳା ଗନ୍ଧ ଆସିଲେ ସମ୍ଭବତଃ ଅତିରିକ୍ତ ଜଳିଗଲା। ଭଲ ପୋଡ଼ା ପିଠାରେ ଉପରେ ହାଲୁକା ଗାଢ଼ ରଙ୍ଗ ଏବଂ ମିଠା-ଭଜା ସୁଗନ୍ଧ ଥାଏ, ଜଳିଗଲେ ତିତା ଗନ୍ଧ ଓ କଳା ଛାପ ଅଧିକ ଦେଖାଯାଏ।	1	Food	ory_Orya
65	ଦୟାକରି ଲକ୍ଷ୍ୟ କର: ଓଡ଼ିଆ ପ୍ରସାଦ “ଖେଚୁଡ଼ି” ରେ ଚାଉଳ ଦାଣା ଏବଂ ଡାଲ ଭଲ ଭାବେ ସିଝିଛି କି ନୁହେଁ କିପରି ବୁଝିବ? ରଙ୍ଗ ଓ ସୁଗନ୍ଧ ମଧ୍ୟ କହ।	ଭଲ ଖେଚୁଡ଼ିରେ ଚାଉଳ ଓ ଡାଲ କଠିନ ହୋଇ ମିଶିଥାଏ, କିନ୍ତୁ ଅତି ଗୋଲା ହୋଇନଥାଏ। ହଳଦୀ ଥିଲେ ହାଲୁକା ହଳଦିଆ ରଙ୍ଗ ଆସେ, ଏବଂ ଘିଅ/ଜିରା ଭଳି ସୁଗନ୍ଧ ହାଲୁକା ଭାବେ ଲାଗିପାରେ।	ଭଲ ଖେଚୁଡ଼ିରେ ଚାଉଳ ଓ ଡାଲ ନରମ ହୋଇ ମିଶିଥାଏ, କିନ୍ତୁ ଅତି ଗୋଲା ହୋଇନଥାଏ। ହଳଦୀ ଥିଲେ ହାଲୁକା ହଳଦିଆ ରଙ୍ଗ ଆସେ, ଏବଂ ଘିଅ/ଜିରା ଭଳି ସୁଗନ୍ଧ ହାଲୁକା ଭାବେ ଲାଗିପାରେ।	1	Food	ory_Orya
66	ତୁମେ ଓଡ଼ିଆ ସୀ-ଫୁଡ୍‌ର “ମାଛ ଝୋଳ” ପକାଉଛ। ଝୋଳ ଫୁଟିବା ସମୟରେ ତାପମାତ୍ରା ଓ ମସଲା ଗନ୍ଧ କିପରି ବଦଳେ, ଏବଂ ମାଛ ଟୁକୁଡ଼ା ଭାଙ୍ଗୁଛି କି ନାହିଁ କେମିତି ସାବଧାନ ହେବ?	ଝୋଳ ଫୁଟିଲେ ତାପ ଉଚ୍ଚ ଥାଏ ଏବଂ ମସଲାର ଗନ୍ଧ ଅଧିକ ପ୍ରସାରିତ ହୁଏ। ମାଛ ଟୁକୁଡ଼ା ଭାଙ୍ଗିନ ଯାହାପାଇଁ ହାଲୁକା ଭାବେ ନଡ଼ାଇବା ଓ ଅତିରିକ୍ତ ନଡ଼ାନାହିଁ; ଭଲ ଭାବେ ପକିଲେ ମାଛ ଦୃଢ଼ ହୋଇ ମଧ୍ୟ କଠିନ ରହେ।	ଝୋଳ ଫୁଟିଲେ ତାପ ଉଚ୍ଚ ଥାଏ ଏବଂ ମସଲାର ଗନ୍ଧ ଅଧିକ ପ୍ରସାରିତ ହୁଏ। ମାଛ ଟୁକୁଡ଼ା ଭାଙ୍ଗିନ ଯାହାପାଇଁ ହାଲୁକା ଭାବେ ନଡ଼ାଇବା ଓ ଅତିରିକ୍ତ ନଡ଼ାନାହିଁ; ଭଲ ଭାବେ ପକିଲେ ମାଛ ଦୃଢ଼ ହୋଇ ମଧ୍ୟ ନରମ ରହେ।	1	Food	ory_Orya
67	ଏକ ଟିପ୍ସ ଭାବ: ଓଡ଼ିଆ “ଚେନା ଝିଲି” ଭାଜା ହେଲେ ତାହାର ବାହାର ରଙ୍ଗ ଓ ଭିତର ରସ କେମିତି ହୁଏ? ଅଧପକା ଓ ଅତିପକା ମଧ୍ୟର ତଫାତ କହ।	ଭଲ ଚେନା ଝିଲିର ବାହାର ଭାଗ ସାଧାରଣତଃ ସୁନାଳି-ବୁନା ରଙ୍ଗର ହୁଏ ଏବଂ ଭିତରେ ମିଠା ରସ ଧରିଥାଏ। ଅଧପକା ହେଲେ ଭିତର ଦାଣାଦାର/କଚା ଲାଗିପାରେ, ଅତିପକା ହେଲେ ବାହାର ଅଧିକ କଠିନ/ପତଳା ବୁନା ହୋଇ ଜଳା ଗନ୍ଧ ଆସିପାରେ।	ଭଲ ଚେନା ଝିଲିର ବାହାର ଭାଗ ସାଧାରଣତଃ ସୁନାଳି-ବୁନା ରଙ୍ଗର ହୁଏ ଏବଂ ଭିତରେ ମିଠା ରସ ଧରିଥାଏ। ଅଧପକା ହେଲେ ଭିତର ଦାଣାଦାର/କଚା ଲାଗିପାରେ, ଅତିପକା ହେଲେ ବାହାର ଅଧିକ କଠିନ/ଗାଢ଼ ବୁନା ହୋଇ ଜଳା ଗନ୍ଧ ଆସିପାରେ।	1	Food	ory_Orya
68	ଭାବ, ଓଡ଼ିଆ ବିବାହ ଭୋଜନର “ବେସରା” ର ରଙ୍ଗ ଓ ଗନ୍ଧ କାହିଁକି ଭିନ୍ନ ଲାଗେ? ସୋରିଷ ପେଷାର ଘନତା ଓ ସବ୍ଜିର ଆକାର ସହ ସମ୍ପର୍କ କହ।	ବେସରାରେ ସୋରିଷ ପେଷା ଥିବାରୁ ହାଲୁକା ତୀବ୍ର ସୋରିଷ-ଗନ୍ଧ ଆସେ ଏବଂ ରଙ୍ଗ ହଳଦିଆ/ହାଲୁକା ବୁନା ଟୋନ୍ ହୋଇପାରେ (ହଳଦୀ/ମସଲା ଭିତରେ ନିର୍ଭର କରେ)। ସୋରିଷ ପେଷା ହାଲୁକା ଘନ ଥାଇ ଝୋଳକୁ ଧରିରଖେ, ଏବଂ ସବ୍ଜି ଟୁକୁଡ଼ା କଠିନ ହୋଇ ଆକାର ଧରିଥାଏ।	ବେସରାରେ ସୋରିଷ ପେଷା ଥିବାରୁ ହାଲୁକା ତୀବ୍ର ସୋରିଷ-ଗନ୍ଧ ଆସେ ଏବଂ ରଙ୍ଗ ହଳଦିଆ/ହାଲୁକା ବୁନା ଟୋନ୍ ହୋଇପାରେ (ହଳଦୀ/ମସଲା ଭିତରେ ନିର୍ଭର କରେ)। ସୋରିଷ ପେଷା ହାଲୁକା ଘନ ଥାଇ ଝୋଳକୁ ଧରିରଖେ, ଏବଂ ସବ୍ଜି ଟୁକୁଡ଼ା ନରମ ହୋଇ ଆକାର ଧରିଥାଏ।	1	Food	ory_Orya
69	ଦେଖିବାକୁ ଚେଷ୍ଟା କର: ଓଡ଼ିଆ “ପୁରୀ-ଅଳୁଦମ୍” ରେ ପୁରୀର ଫୁଲା ଆକାର କିପରି ହୁଏ? ତେଲର ତାପ ଭୁଲ୍ ହେଲେ କେଉଁ ଭୌତିକ ପରିବର୍ତ୍ତନ ଦେଖିବ?	ତେଲ ଠିକ୍ ଗରମ ଥିଲେ ପୁରୀ ଶୀଘ୍ର ଫୁଲି ହାଲୁକା ହୁଏ। ତେଲ ଗରମ ହେଲେ ପୁରୀ ଅଧିକ ତେଲ ଶୋଷି ଭାରୀ ଓ ଚିପଚିପା ହୋଇପାରେ; ତେଲ ଅତି ଗରମ ହେଲେ ବାହାର ଶୀଘ୍ର ବୁନା/ଜଳା ହୋଇଯାଏ କିନ୍ତୁ ଭିତର ଠିକ୍ ଭାବେ ସିଝିନପାରେ।	ତେଲ ଠିକ୍ ଗରମ ଥିଲେ ପୁରୀ ଶୀଘ୍ର ଫୁଲି ହାଲୁକା ହୁଏ। ତେଲ ଠଣ୍ଡା ହେଲେ ପୁରୀ ଅଧିକ ତେଲ ଶୋଷି ଭାରୀ ଓ ଚିପଚିପା ହୋଇପାରେ; ତେଲ ଅତି ଗରମ ହେଲେ ବାହାର ଶୀଘ୍ର ବୁନା/ଜଳା ହୋଇଯାଏ କିନ୍ତୁ ଭିତର ଠିକ୍ ଭାବେ ସିଝିନପାରେ।	1	Food	ory_Orya
70	ଶେଷରେ ଭାବ: ଓଡ଼ିଆ ପ୍ରସାଦ “ଲଡୁ” ହାତରେ ଗୋଲା କଲେ ଭାଙ୍ଗୁଛି କି ନୁହେଁ ତାହା କ’ଣ ସୂଚାଏ? ଘିଅ/ଚିନିର ଅନୁପାତ ଓ ଦାଣା ଆକାର ସହ ଯୋଡ଼ି ବୁଝାଅ।	ଲଡୁ ହାତରେ ଗୋଲା କଲେ ଯଦି ସହଜରେ ଭାଙ୍ଗୁଛି ତେବେ ସମ୍ଭବତଃ ଘିଅ/ଚିନି କମ୍ ଅଛି କିମ୍ବା ଦାଣା ଅତି ଶୁଖିଲା। ଠିକ୍ ଅନୁପାତ ଥିଲେ ଦାଣାଗୁଡ଼ିକ ଘିଅ-ଚିନି ସହ ବାନ୍ଧି ଥାଏ ଏବଂ ଲଡୁ ଆକାର ଧରିରହେ; ଅତି ଘିଅ ହେଲେ ତେଲିଆ ଓ ଅତି କଠିନ ହୋଇପାରେ।	ଲଡୁ ହାତରେ ଗୋଲା କଲେ ଯଦି ସହଜରେ ଭାଙ୍ଗୁଛି ତେବେ ସମ୍ଭବତଃ ଘିଅ/ଚିନି କମ୍ ଅଛି କିମ୍ବା ଦାଣା ଅତି ଶୁଖିଲା। ଠିକ୍ ଅନୁପାତ ଥିଲେ ଦାଣାଗୁଡ଼ିକ ଘିଅ-ଚିନି ସହ ବାନ୍ଧି ଥାଏ ଏବଂ ଲଡୁ ଆକାର ଧରିରହେ; ଅତି ଘିଅ ହେଲେ ତେଲିଆ ଓ ଅତି ନରମ ହୋଇପାରେ।	1	Food	ory_Orya
71	କଳ୍ପନା କରନ୍ତୁ ଆପଣ ଏକ ଓଡ଼ିଆ ଲୋକଗୀତ ଦଳର “ମହୁରୀ” ବାଦ୍ୟକୁ ଫୁକିବା ପୂର୍ବରୁ ଟ୍ୟୁନ୍ କରୁଛନ୍ତି। ରିଡ୍ ର କଠିନତା ଓ ଧ୍ୱନିର ତୀକ୍ଷ୍ଣତା କେମିତି ଧରିବେ?	ମହୁରୀର ରିଡ୍ ସାଧାରଣତଃ ହାଲୁକା କଠିନ/ସ୍ପ୍ରିଙ୍ଗି ଲାଗେ, ତେଣୁ ଧ୍ୱନି ଉଚ୍ଚ ଓ ତୀକ୍ଷ୍ଣ ହୋଇପାରେ। ଫୁକିବା ପୂର୍ବରୁ ରିଡ୍କୁ ଅଳ୍ପ ସମୟ ମୁହଁର ଉଷ୍ଣତା/ଆର୍ଦ୍ରତାରେ ରଖିଲେ ଧ୍ୱନି କମ୍ ସ୍ଥିର ଏବଂ କମ୍ କଟକଟିଆ ହୁଏ।	ମହୁରୀର ରିଡ୍ ସାଧାରଣତଃ ହାଲୁକା କଠିନ/ସ୍ପ୍ରିଙ୍ଗି ଲାଗେ, ତେଣୁ ଧ୍ୱନି ଉଚ୍ଚ ଓ ତୀକ୍ଷ୍ଣ ହୋଇପାରେ। ଫୁକିବା ପୂର୍ବରୁ ରିଡ୍କୁ ଅଳ୍ପ ସମୟ ମୁହଁର ଉଷ୍ଣତା/ଆର୍ଦ୍ରତାରେ ରଖିଲେ ଧ୍ୱନି ଅଧିକ ସ୍ଥିର ଏବଂ କମ୍ କଟକଟିଆ ହୁଏ।	1	Song	ory_Orya
72	ଆପଣ ଯଦି ଓଡ଼ିଆ ପାରମ୍ପରିକ ଗୀତରେ ବାଂସୀ ବଜାଉଛନ୍ତି, ବାଂସୀର ଉପାଦାନ (ବାଁସ/ଧାତୁ), ଓଜନ, ଏବଂ ଟୋନ୍‌ର ଉଷ୍ଣତା କେମିତି ତୁଳନା କରିବେ?	ବାଁସର ବାଂସୀ ସାଧାରଣତଃ ହାଲୁକା ଏବଂ ଟୋନ୍ ଅଳ୍ପ “ଉଷ୍ଣ/ନରମ” ଲାଗେ। ଧାତୁ ବାଂସୀର ଓଜନ ଅଳ୍ପ କମ୍ ହୋଇପାରେ ଏବଂ ଟୋନ୍ ଅଳ୍ପ “ତୀକ୍ଷ୍ଣ/ଚମକଦାର” ଶୁଣାଯାଏ, ଦୁହିଁଟାର ଫିଙ୍ଗର-ହୋଲ୍ ଆକାର ଓ ବାୟୁ-ଦବାନୁବଳ ମଧ୍ୟ ଟୋନ୍‌କୁ ପ୍ରଭାବିତ କରେ।	ବାଁସର ବାଂସୀ ସାଧାରଣତଃ ହାଲୁକା ଏବଂ ଟୋନ୍ ଅଳ୍ପ “ଉଷ୍ଣ/ନରମ” ଲାଗେ। ଧାତୁ ବାଂସୀର ଓଜନ ଅଳ୍ପ ଅଧିକ ହୋଇପାରେ ଏବଂ ଟୋନ୍ ଅଳ୍ପ “ତୀକ୍ଷ୍ଣ/ଚମକଦାର” ଶୁଣାଯାଏ, ଦୁହିଁଟାର ଫିଙ୍ଗର-ହୋଲ୍ ଆକାର ଓ ବାୟୁ-ଦବାନୁବଳ ମଧ୍ୟ ଟୋନ୍‌କୁ ପ୍ରଭାବିତ କରେ।	1	Song	ory_Orya
73	ଦୟାକରି ଧ୍ୟାନ ଦିଅନ୍ତୁ: ଓଡ଼ିଆ ଲୋକସଙ୍ଗୀତର “ଘୁମୁରା” ଡ୍ରମ୍‌ର ଚର୍ମ କେତେ ଟାଇଟ୍ ଅଛି ବୁଝିବାକୁ ଆପଣ କିପରି ଟ୍ୟାପ୍ କରିବେ? ଧ୍ୱନିର ଗଭୀରତା ଓ କମ୍ପନ କହନ୍ତୁ।	ଚର୍ମ କମ୍ ଟାଇଟ୍ ହେଲେ ଧ୍ୱନି ସାଧାରଣତଃ ଅଳ୍ପ ଉଚ୍ଚ ଶୁଣାଯାଏ ଏବଂ ଟ୍ୟାପ୍ କଲେ କମ୍ପନ ଶୀଘ୍ର “ଡ୍ୟାମ୍ପ୍” ହୁଏ। ଚର୍ମ ଢିଲା ହେଲେ ଧ୍ୱନି ଗଭୀର/ଭାରୀ ଲାଗିପାରେ ଏବଂ କମ୍ପନ ଅଧିକ ସମୟ ରହିପାରେ, ତେଣୁ ରସି/ବେଲ୍ଟ୍ ଟାଇଟେନ୍ କରି ସମଞ୍ଜସ କରାଯାଏ।	ଚର୍ମ ଅଧିକ ଟାଇଟ୍ ହେଲେ ଧ୍ୱନି ସାଧାରଣତଃ ଅଳ୍ପ ଉଚ୍ଚ ଶୁଣାଯାଏ ଏବଂ ଟ୍ୟାପ୍ କଲେ କମ୍ପନ ଶୀଘ୍ର “ଡ୍ୟାମ୍ପ୍” ହୁଏ। ଚର୍ମ ଢିଲା ହେଲେ ଧ୍ୱନି ଗଭୀର/ଭାରୀ ଲାଗିପାରେ ଏବଂ କମ୍ପନ ଅଧିକ ସମୟ ରହିପାରେ, ତେଣୁ ରସି/ବେଲ୍ଟ୍ ଟାଇଟେନ୍ କରି ସମଞ୍ଜସ କରାଯାଏ।	1	Song	ory_Orya
74	ଧରନ୍ତୁ ଆପଣ ଏକ ଓଡ଼ିଆ ନାଟକରେ ଢୋଳ ବୋହି ମଞ୍ଚକୁ ଯାଉଛନ୍ତି। ଢୋଳର ଓଜନ, ଷ୍ଟ୍ରାପ୍‌ର ଚୌଡ଼ା, ଏବଂ ବାହ୍ୟ ଖୋଳର କାଠ/ଧାତୁ ଗୁଣ ମଞ୍ଚରେ ଧ୍ୱନିକୁ କିପରି ବଦଳାଏ?	ଢୋଳର ଓଜନ କମ୍ ହେଲେ ବୋହିବା କଷ୍ଟ ହୋଇପାରେ, ତେଣୁ ଚୌଡ଼ା ଷ୍ଟ୍ରାପ୍ କାନ୍ଧରେ ଚାପ କମାଏ। କାଠର ଖୋଳ ଧ୍ୱନିକୁ ଅଧିକ “ଉଷ୍ଣ” ଓ ରେଜୋନାଣ୍ଟ କରିପାରେ, ଯେଉଁଠାରେ ଅଧିକ କଠିନ/ଘନ ଉପାଦାନରେ ଧ୍ୱନି ଅଳ୍ପ ତୀକ୍ଷ୍ଣ ଓ ପ୍ରୋଜେକ୍ଟିଡ୍ ଶୁଣାଯାଇପାରେ, ତଥାପି ଚର୍ମ ଟେନ୍ସନ୍ ମୁଖ୍ୟ ଭୂମିକା ନେଉଛି।	ଢୋଳର ଓଜନ ଅଧିକ ହେଲେ ବୋହିବା କଷ୍ଟ ହୋଇପାରେ, ତେଣୁ ଚୌଡ଼ା ଷ୍ଟ୍ରାପ୍ କାନ୍ଧରେ ଚାପ କମାଏ। କାଠର ଖୋଳ ଧ୍ୱନିକୁ ଅଧିକ “ଉଷ୍ଣ” ଓ ରେଜୋନାଣ୍ଟ କରିପାରେ, ଯେଉଁଠାରେ ଅଧିକ କଠିନ/ଘନ ଉପାଦାନରେ ଧ୍ୱନି ଅଳ୍ପ ତୀକ୍ଷ୍ଣ ଓ ପ୍ରୋଜେକ୍ଟିଡ୍ ଶୁଣାଯାଇପାରେ, ତଥାପି ଚର୍ମ ଟେନ୍ସନ୍ ମୁଖ୍ୟ ଭୂମିକା ନେଉଛି।	1	Song	ory_Orya
75	ପରୀକ୍ଷା କରନ୍ତୁ: ଲୋକଗୀତରେ ବ୍ୟବହୃତ ଛୋଟ ଝାଞ୍ଜ/ତାଳ (କାଞ୍ଜିରା/ଖଞ୍ଜନୀ ପ୍ରକାର) ଧାତୁ କଣ ଥିଲେ ଧ୍ୱନି ଅଧିକ “ଚମକଦାର” ହୁଏ? ପଲିଶ କରିଲେ ପୃଷ୍ଠ ଟେକ୍ସଚର କିପରି ଲାଗେ?	ପିତଳ/ବ୍ରାସ୍ ତାଳର ଧ୍ୱନି ସାଧାରଣତଃ ଉଜ୍ଜ୍ୱଳ ଏବଂ ଲମ୍ବା “ରିଙ୍ଗ” ଥାଇପାରେ, ଯେଉଁଠାରେ କିଛି ଇସ୍ପାତ ତାଳ ଅଳ୍ପ ତୀକ୍ଷ୍ଣ ଓ ଶୀଘ୍ର ଡିକେ ହୋଇପାରେ। ପଲିଶ କରିଲେ ପୃଷ୍ଠ କମ୍ ମସୃଣ ଓ ଚକଚକିଆ ଲାଗେ, ଏହା ହାତରେ ଧରିଲେ ମଧ୍ୟ ଅନୁଭବ ହୁଏ।	ପିତଳ/ବ୍ରାସ୍ ତାଳର ଧ୍ୱନି ସାଧାରଣତଃ ଉଜ୍ଜ୍ୱଳ ଏବଂ ଲମ୍ବା “ରିଙ୍ଗ” ଥାଇପାରେ, ଯେଉଁଠାରେ କିଛି ଇସ୍ପାତ ତାଳ ଅଳ୍ପ ତୀକ୍ଷ୍ଣ ଓ ଶୀଘ୍ର ଡିକେ ହୋଇପାରେ। ପଲିଶ କରିଲେ ପୃଷ୍ଠ ଅଧିକ ମସୃଣ ଓ ଚକଚକିଆ ଲାଗେ, ଏହା ହାତରେ ଧରିଲେ ମଧ୍ୟ ଅନୁଭବ ହୁଏ।	1	Song	ory_Orya
76	ତୁଳନା କରନ୍ତୁ: ଓଡ଼ିଆ ଲୋକଗୀତକୁ ଚଳଚ୍ଚିତ୍ର ପାଇଁ ରେକର୍ଡ କଲେ, ମାଇକ୍‌ରୁ ଦୂରତା କମ୍-ବେଶି ହେଲେ ଶବ୍ଦର “ବେସ୍” ଓ ଶ୍ୱାସ ଧ୍ୱନି କେମିତି ବଦଳେ? ଦୁଇଟି ବାକ୍ୟରେ ଧରନ୍ତୁ।	ମାଇକ୍‌କୁ କମ୍ ନିକଟେ ରଖିଲେ ଶ୍ୱାସ/ପପ୍ ଧ୍ୱନି ଧରାପଡ଼ିବା ସମ୍ଭାବନା ବଢ଼େ ଏବଂ କେତେକ ସମୟ “ପ୍ରୋକ୍ସିମିଟି ଇଫେକ୍ଟ” ଯୋଗୁଁ ବେସ୍ ଅଳ୍ପ ବଢ଼ିପାରେ। ଅଳ୍ପ ଦୂରେ ରଖିଲେ ଧ୍ୱନି ଅଧିକ ସମତୋଳିତ ଶୁଣାଯାଏ, କିନ୍ତୁ ରୁମ୍-ଏକୋ ଧରାପଡ଼ିପାରେ।	ମାଇକ୍‌କୁ ଅଧିକ ନିକଟେ ରଖିଲେ ଶ୍ୱାସ/ପପ୍ ଧ୍ୱନି ଧରାପଡ଼ିବା ସମ୍ଭାବନା ବଢ଼େ ଏବଂ କେତେକ ସମୟ “ପ୍ରୋକ୍ସିମିଟି ଇଫେକ୍ଟ” ଯୋଗୁଁ ବେସ୍ ଅଳ୍ପ ବଢ଼ିପାରେ। ଅଳ୍ପ ଦୂରେ ରଖିଲେ ଧ୍ୱନି ଅଧିକ ସମତୋଳିତ ଶୁଣାଯାଏ, କିନ୍ତୁ ରୁମ୍-ଏକୋ ଧରାପଡ଼ିପାରେ।	1	Song	ory_Orya
77	ଚେକ୍ କରନ୍ତୁ: ପୁରୁଣା ସଦା-ଶ୍ୱେତ ଓଡ଼ିଆ ସିନେମା ଯୁଗର କ୍ୟାମେରା ଧରିଲେ ତାହାର ଓଜନ, ରିଲ୍/ଫିଲ୍ମ ଲୋଡିଂ ପ୍ରକ୍ରିୟା, ଏବଂ “ଗ୍ରେନ୍” ଦେଖାଯିବାର କାରଣ କଣ? ଦୁଇଟି ବାକ୍ୟରେ କହନ୍ତୁ।	ସେଯୁଗର କ୍ୟାମେରା ସାଧାରଣତଃ ହାଲୁକା ଥାଇପାରେ କାରଣ ଫିଲ୍ମ-ମେକାନିଜମ୍ ଓ ଧାତୁ ଶରୀର ଥାଏ, ଏବଂ ରିଲ୍/ମ୍ୟାଗାଜିନ୍‌ରେ ଫିଲ୍ମ ଲୋଡ୍ କରିବା ଲାଗୁଥିଲା। ସଦା-ଶ୍ୱେତ “ଗ୍ରେନ୍” ମୁଖ୍ୟତଃ ଫିଲ୍ମ ଇମଲ୍ସନ୍‌ର ଫଟୋ-ସେନ୍ସିଟିଭ୍ କଣା ଓ ଲୋ-ଲାଇଟ୍/ଡିଭେଲପ୍‌ ପ୍ରକ୍ରିୟାର ଫଳ, ଡିଜିଟାଲ୍ ନଏଜ୍ ନୁହେଁ।	ସେଯୁଗର କ୍ୟାମେରା ସାଧାରଣତଃ ଭାରୀ ଥାଇପାରେ କାରଣ ଫିଲ୍ମ-ମେକାନିଜମ୍ ଓ ଧାତୁ ଶରୀର ଥାଏ, ଏବଂ ରିଲ୍/ମ୍ୟାଗାଜିନ୍‌ରେ ଫିଲ୍ମ ଲୋଡ୍ କରିବା ଲାଗୁଥିଲା। ସଦା-ଶ୍ୱେତ “ଗ୍ରେନ୍” ମୁଖ୍ୟତଃ ଫିଲ୍ମ ଇମଲ୍ସନ୍‌ର ଫଟୋ-ସେନ୍ସିଟିଭ୍ କଣା ଓ ଲୋ-ଲାଇଟ୍/ଡିଭେଲପ୍‌ ପ୍ରକ୍ରିୟାର ଫଳ, ଡିଜିଟାଲ୍ ନଏଜ୍ ନୁହେଁ।	1	Song	ory_Orya
78	ଭାବନ୍ତୁ: ପୁରୁଣା ଓଡ଼ିଆ ସିନେମାର ଏଡିଟିଂ କାମରେ ଫିଲ୍ମ ଷ୍ଟ୍ରିପ୍ ଛୁଇଁଲେ ଟେକ୍ସଚର କେମିତି ଲାଗେ, ଏବଂ ଟେପ୍/ସ୍ପ୍ଲାଇସ୍ କଲେ କାହିଁକି ଯୋଡ଼ାଣି ସ୍ଥାନ ହାଲୁକା ଦେଖାଯାଏ? ଦୁଇଟି ବାକ୍ୟରେ କହ।	ଫିଲ୍ମ ଷ୍ଟ୍ରିପ୍ ଛୁଇଁଲେ ଭାରୀ ପ୍ଲାଷ୍ଟିକ୍/ସେଲୁଲୋଇଡ୍ ଭାବ ଲାଗିପାରେ ଏବଂ ଧାର ପାଖରେ ପରଫୋରେସନ୍ (ଛିଦ୍ର) ଅନୁଭବ ହୁଏ। ସ୍ପ୍ଲାଇସ୍/ଟେପ୍ କଲେ ଯୋଡ଼ାଣି ସ୍ଥାନ ଅଳ୍ପ ମୋଟା ହୋଇଯାଏ, ସେହିପାଇଁ ଆଲୋକରେ ହାଲୁକା ଲାଇନ୍ ଭଳି ଦେଖାଯାଇପାରେ।	ଫିଲ୍ମ ଷ୍ଟ୍ରିପ୍ ଛୁଇଁଲେ ହାଲୁକା ପ୍ଲାଷ୍ଟିକ୍/ସେଲୁଲୋଇଡ୍ ଭାବ ଲାଗିପାରେ ଏବଂ ଧାର ପାଖରେ ପରଫୋରେସନ୍ (ଛିଦ୍ର) ଅନୁଭବ ହୁଏ। ସ୍ପ୍ଲାଇସ୍/ଟେପ୍ କଲେ ଯୋଡ଼ାଣି ସ୍ଥାନ ଅଳ୍ପ ମୋଟା ହୋଇଯାଏ, ସେହିପାଇଁ ଆଲୋକରେ ହାଲୁକା ଲାଇନ୍ ଭଳି ଦେଖାଯାଇପାରେ।	1	Song	ory_Orya
79	ଏକଥା ଧରନ୍ତୁ: ଆଧୁନିକ ଓଡ଼ିଆ ଚଳଚ୍ଚିତ୍ର ଶୁଟିଂରେ ଡିଜିଟାଲ୍ ସିନେମା କ୍ୟାମେରାର ସେନ୍ସର, ଲେନ୍ସ ମାଉଣ୍ଟ, ଏବଂ ହାଣ୍ଡହେଲ୍ଡ ଷ୍ଟାବିଲାଇଜର୍‌ର ଓଜନ ଶଟ୍‌କୁ କିପରି ପ୍ରଭାବିତ କରେ?	ଆଧୁନିକ କ୍ୟାମେରାରେ ପ୍ରାୟତଃ ସେନ୍ସର ଥାଏ ଏବଂ ସେନ୍ସର ସାଇଜ୍/ଡାଇନାମିକ୍ ରେଞ୍ଜ ଯୋଗୁଁ ଲୋ-ଲାଇଟ୍ ଓ ଡିଟେଲ୍ ଧରା ଭଲ ହୋଇପାରେ। ଷ୍ଟାବିଲାଇଜର୍/ଗିମ୍ବାଲ୍‌ର ଓଜନ ବଢ଼ିଲେ ଧରି ରଖିବା କଠିନ, କିନ୍ତୁ ଭାରି ରିଗ୍ କେତେକ ସମୟ ମାଇକ୍ରୋ-ଅଧିକପନ କମାଏ; ଲେନ୍ସ ମାଉଣ୍ଟ ସଠିକ୍ ନ ହେଲେ ଫୋକସ୍ ସ୍ଥିରତା ଓ ସିଲିଂ ପ୍ରଭାବିତ ହୋଇପାରେ।	ଆଧୁନିକ କ୍ୟାମେରାରେ ପ୍ରାୟତଃ ସେନ୍ସର ଥାଏ ଏବଂ ସେନ୍ସର ସାଇଜ୍/ଡାଇନାମିକ୍ ରେଞ୍ଜ ଯୋଗୁଁ ଲୋ-ଲାଇଟ୍ ଓ ଡିଟେଲ୍ ଧରା ଭଲ ହୋଇପାରେ। ଷ୍ଟାବିଲାଇଜର୍/ଗିମ୍ବାଲ୍‌ର ଓଜନ ବଢ଼ିଲେ ଧରି ରଖିବା କଠିନ, କିନ୍ତୁ ଭାରି ରିଗ୍ କେତେକ ସମୟ ମାଇକ୍ରୋ-କମ୍ପନ କମାଏ; ଲେନ୍ସ ମାଉଣ୍ଟ ସଠିକ୍ ନ ହେଲେ ଫୋକସ୍ ସ୍ଥିରତା ଓ ସିଲିଂ ପ୍ରଭାବିତ ହୋଇପାରେ।	1	Song	ory_Orya
80	ଦୟାକରି କହନ୍ତୁ: ଓଡ଼ିଆ ନାଟକର ମଞ୍ଚରେ ଟଙ୍ଗସ୍ଟେନ୍ ଲାଇଟ୍ ଓ ଲାଇଟ୍ ମଧ୍ୟରେ ତାପ ଓ ରଙ୍ଗ-ଟୋନ୍‌ର ଭୌତିକ ତଫାତ କଣ? ଏହା ପୋଷାକର ରଙ୍ଗକୁ କିପରି ଦେଖାଏ?	ଟଙ୍ଗସ୍ଟେନ୍ ଲାଇଟ୍ ସାଧାରଣତଃ କମ୍ ତାପ ଛାଡ଼େ, ଯେଉଁଠାରେ ଏଲଇଡି ର ହିଟ୍ ଆଉଟ୍‌ପୁଟ୍ କମ୍ ହୁଏ। ଟଙ୍ଗସ୍ଟେନ୍ ର ଟୋନ୍ ଅଳ୍ପ “ଉଷ୍ଣ” ହୋଇ ପୋଷାକ ରଙ୍ଗକୁ ଗରମ ଦେଖାଇପାରେ, ଯେଉଁଠାରେ ଏଲଇଡି ରେ ରଙ୍ଗ-ତାପମାତ୍ରା ସେଟ୍ କରାଯାଇପାରେ ଏବଂ ଭୁଲ୍ ସେଟିଂ ହେଲେ ଚମଡ଼ା/ବସ୍ତ୍ରର ଟୋନ୍ ଅଳ୍ପ ଫିକା/ବ୍ଲୁଇଶ୍ ଲାଗିପାରେ।	ଟଙ୍ଗସ୍ଟେନ୍ ଲାଇଟ୍ ସାଧାରଣତଃ ଅଧିକ ତାପ ଛାଡ଼େ, ଯେଉଁଠାରେ LED ର ହିଟ୍ ଆଉଟ୍‌ପୁଟ୍ କମ୍ ହୁଏ। ଟଙ୍ଗସ୍ଟେନ୍ ର ଟୋନ୍ ଅଳ୍ପ “ଉଷ୍ଣ” ହୋଇ ପୋଷାକ ରଙ୍ଗକୁ ଗରମ ଦେଖାଇପାରେ, ଯେଉଁଠାରେ LED ରେ ରଙ୍ଗ-ତାପମାତ୍ରା ସେଟ୍ କରାଯାଇପାରେ ଏବଂ ଭୁଲ୍ ସେଟିଂ ହେଲେ ଚମଡ଼ା/ବସ୍ତ୍ରର ଟୋନ୍ ଅଳ୍ପ ଫିକା/ବ୍ଲୁଇଶ୍ ଲାଗିପାରେ।	1	Song	ory_Orya
81	ପରୀକ୍ଷା କର: ଓଡ଼ିଆ ଲୋକଗୀତ-ଭିତ୍ତିକ ନାଟକରେ ବ୍ୟବହୃତ ଢୋଳ, ମହୁରୀ, ଏବଂ ଗାୟକଙ୍କ ଶବ୍ଦ, ଏଗୁଡ଼ିକୁ ମିଶାଇଲେ ମଞ୍ଚରେ “ବ୍ୟାଲାନ୍ସ” କିପରି ଧରିବ? ସ୍ପିକର୍ ର ଭଲ୍ୟୁମ୍ ଓ ଧ୍ୱନିର ଧାରାଳତା କହ।	ବ୍ୟାଲାନ୍ସ ମାନେ ଗାୟକଙ୍କ ଶବ୍ଦ ସ୍ପଷ୍ଟ ରହିବା ସହ ଢୋଳ/ମହୁରୀର ଧ୍ୱନି ମଧ୍ୟ ଢାକିନଦେବା। ସ୍ପିକର୍ ଭଲ୍ୟୁମ୍ ଅତି ମନ୍ଦ ହେଲେ ଧ୍ୱନି “କଠୋର/ଧାରାଳ” ଲାଗେ ଏବଂ ଶବ୍ଦ ଫାଟିଯାଇପାରେ; ମଧ୍ୟମ ଭଲ୍ୟୁମ୍‌ରେ ଇକ୍ୱାଲାଇଜେସନ୍ ଦେଇ ତୀକ୍ଷ୍ଣତା କମାଇଲେ ଶ୍ରୋତାଙ୍କୁ ସହଜ ଲାଗେ।	ବ୍ୟାଲାନ୍ସ ମାନେ ଗାୟକଙ୍କ ଶବ୍ଦ ସ୍ପଷ୍ଟ ରହିବା ସହ ଢୋଳ/ମହୁରୀର ଧ୍ୱନି ମଧ୍ୟ ଢାକିନଦେବା। ସ୍ପିକର୍ ଭଲ୍ୟୁମ୍ ଅତି ଉଚ୍ଚ ହେଲେ ଧ୍ୱନି “କଠୋର/ଧାରାଳ” ଲାଗେ ଏବଂ ଶବ୍ଦ ଫାଟିଯାଇପାରେ; ମଧ୍ୟମ ଭଲ୍ୟୁମ୍‌ରେ ଇକ୍ୱାଲାଇଜେସନ୍ ଦେଇ ତୀକ୍ଷ୍ଣତା କମାଇଲେ ଶ୍ରୋତାଙ୍କୁ ସହଜ ଲାଗେ।	1	Song	ory_Orya
82	ଧରନ୍ତୁ ଆପଣ ସମୁଦ୍ରକୂଳ ନିକଟରେ ଶୁଟ୍ କରୁଛନ୍ତି ଏବଂ ପବନ-ବାଦ୍ୟ ସହ ଲୋକଗୀତ ରେକର୍ଡ ହେଉଛି। ଆର୍ଦ୍ରତା ଯୋଗୁଁ ବାଁସୀ/ମହୁରୀର ସ୍ୱର ଅଳ୍ପ ବଦଳିଲେ ଆପଣ କିପରି ଶୁଣି ବୁଝିବେ, ଏବଂ କ’ଣ କରିବେ?	ଆର୍ଦ୍ରତାରେ ବାଁସ/ରିଡ୍ ଅଳ୍ପ ଫୁଲିବା କିମ୍ବା ନରମ ହେବାରୁ ସ୍ୱର ଭାରୀ ଫ୍ଲାଟ୍/ଶାର୍ପ୍ ହୋଇପାରେ, ଯାହା କାନରେ ଅସ୍ଥିର ଲାଗିପାରେ। ଛୋଟ ବିରତି ଦେଇ ବାଦ୍ୟକୁ କପଡ଼ାରେ ପୁଛିବା, ରିଡ୍‌କୁ ଠିକ୍ କରିବା, ଏବଂ ପୁଣି ଟ୍ୟୁନିଂ ଚେକ୍ କରିଲେ ଧ୍ୱନି ସ୍ଥିର ହୁଏ।	ଆର୍ଦ୍ରତାରେ ବାଁସ/ରିଡ୍ ଅଳ୍ପ ଫୁଲିବା କିମ୍ବା ନରମ ହେବାରୁ ସ୍ୱର ହାଲୁକା ଫ୍ଲାଟ୍/ଶାର୍ପ୍ ହୋଇପାରେ, ଯାହା କାନରେ ଅସ୍ଥିର ଲାଗିପାରେ। ଛୋଟ ବିରତି ଦେଇ ବାଦ୍ୟକୁ କପଡ଼ାରେ ପୁଛିବା, ରିଡ୍‌କୁ ଠିକ୍ କରିବା, ଏବଂ ପୁଣି ଟ୍ୟୁନିଂ ଚେକ୍ କରିଲେ ଧ୍ୱନି ସ୍ଥିର ହୁଏ।	1	Song	ory_Orya
83	ଭାବନ୍ତୁ: ଓଡ଼ିଆ ସିନେମାରେ ସ୍ଥାନୀୟ ସଂସ୍କୃତିର ପ୍ରଭାବ ଦେଖାଇବାକୁ ଯଦି ଶଙ୍ଖ ଓ ଘଣ୍ଟି ଧ୍ୱନି ଦିଆଯାଏ, ଶଙ୍ଖର ଉପାଦାନ/ପୃଷ୍ଠ ରୂପ ଓ ଘଣ୍ଟିର ଧାତୁ ଧ୍ୱନିକୁ କିପରି ଭୌତିକ ଭାବେ ଭିନ୍ନ କରେ?	ଶଙ୍ଖ ସାଧାରଣତଃ କଠିନ ଖୋଳା/ଶେଲ୍‌ର ହୁଏ ଏବଂ ତାହାର ଭିତର ଖାଲି ସ୍ଥାନ ଯୋଗୁଁ ଧ୍ୱନି ଅଳ୍ପ “ହଲୋ” ଓ ଲମ୍ବା ରେଜୋନାନ୍ସ ଥାଇପାରେ। ଘଣ୍ଟି ଧାତୁର ହେବାରୁ ଧ୍ୱନି କମ୍ “ରିଙ୍ଗି” ଏବଂ ସ୍ପଷ୍ଟ ଓଭରଟୋନ୍ ଦେଉଥାଏ, ଧାତୁ ମିଶ୍ରଧାତୁ ଭିନ୍ନ ହେଲେ ରିଙ୍ଗ୍ ସମୟ ମଧ୍ୟ ବଦଳିପାରେ।	ଶଙ୍ଖ ସାଧାରଣତଃ କଠିନ ଖୋଳା/ଶେଲ୍‌ର ହୁଏ ଏବଂ ତାହାର ଭିତର ଖାଲି ସ୍ଥାନ ଯୋଗୁଁ ଧ୍ୱନି ଅଳ୍ପ “ହଲୋ” ଓ ଲମ୍ବା ରେଜୋନାନ୍ସ ଥାଇପାରେ। ଘଣ୍ଟି ଧାତୁର ହେବାରୁ ଧ୍ୱନି ଅଧିକ “ରିଙ୍ଗି” ଏବଂ ସ୍ପଷ୍ଟ ଓଭରଟୋନ୍ ଦେଉଥାଏ, ଧାତୁ ମିଶ୍ରଧାତୁ ଭିନ୍ନ ହେଲେ ରିଙ୍ଗ୍ ସମୟ ମଧ୍ୟ ବଦଳିପାରେ।	1	Song	ory_Orya
84	ଚେକ୍ କରନ୍ତୁ: ପୁରୁଣା ସିନେମା କ୍ୟାମେରାର ଲେନ୍ସ ରିଙ୍ଗ୍ ଘୁଞ୍ଚାଇଲେ ଯେ ଘର୍ଷଣ ଅନୁଭବ ହୁଏ, ଏହା “ସ୍ମୁଥ୍” କି “ଷ୍ଟିଫ୍” ଥିବାର ଅର୍ଥ କଣ? ଶଟ୍‌ର ଫୋକସ୍‌ ଉପରେ ପ୍ରଭାବ କହ।	ଫୋକସ୍ ରିଙ୍ଗ୍ “ସ୍ମୁଥ୍ କିନ୍ତୁ କଣ୍ଟ୍ରୋଲ୍ଡ୍” ଥିଲେ ଫୋକସ୍ ପୁଲ୍ ନିଖୁତ ହୁଏ ଏବଂ ହାତର ଛୋଟ ଭୁଲ୍ ଅଧିକ ହୁଏ। ଅତି ଷ୍ଟିଫ୍ ହେଲେ ଘୁଞ୍ଚାଇବା ବେଳେ ଝଟକା ଆସି ଫୋକସ୍ ଜମ୍ପ୍ କରିପାରେ, ଅତି ଢିଲା/ଅତି ସ୍ମୁଥ୍ ହେଲେ ସହଜରେ ସ୍ଲିପ୍ ହୋଇ ଫୋକସ୍ ଛୁଟିଯାଇପାରେ।	ଫୋକସ୍ ରିଙ୍ଗ୍ “ସ୍ମୁଥ୍ କିନ୍ତୁ କଣ୍ଟ୍ରୋଲ୍ଡ୍” ଥିଲେ ଫୋକସ୍ ପୁଲ୍ ନିଖୁତ ହୁଏ ଏବଂ ହାତର ଛୋଟ ଭୁଲ୍ କମ୍ ହୁଏ। ଅତି ଷ୍ଟିଫ୍ ହେଲେ ଘୁଞ୍ଚାଇବା ବେଳେ ଝଟକା ଆସି ଫୋକସ୍ ଜମ୍ପ୍ କରିପାରେ, ଅତି ଢିଲା/ଅତି ସ୍ମୁଥ୍ ହେଲେ ସହଜରେ ସ୍ଲିପ୍ ହୋଇ ଫୋକସ୍ ଛୁଟିଯାଇପାରେ।	1	Song	ory_Orya
85	ଆପଣ ଯଦି ଏକ ଓଡ଼ିଆ ଫିଲ୍ମ/ନାଟକରେ ପ୍ରପ୍ସ ଭାବେ ମାଟି ଦିଆ/ହାଣ୍ଡି ବ୍ୟବହାର କରୁଛନ୍ତି, ମାଟିର ପୃଷ୍ଠ ରୁଖାପନ, ଓଜନ, ଏବଂ ଟକ୍କର୍ ଲାଗିଲେ ଧ୍ୱନି କେମିତି “ଯଥାର୍ଥ” ଲାଗିବ? ଦୁଇଟି ବିଶେଷତା କହ।	ମାଟି ଦିଆ/ହାଣ୍ଡିର ପୃଷ୍ଠ ଅଳ୍ପ ରୁଖା କିମ୍ବା ମ୍ୟାଟ୍ ଲାଗିପାରେ ଏବଂ ଓଜନ ମଧ୍ୟମ ଥିଲେ ହାତରେ “ସତ୍ୟ” ଅନୁଭବ ଆସେ। ଟକ୍କର୍ ଲାଗିଲେ ଧ୍ୱନି ସାଧାରଣତଃ ନୁହେଁ ଧାତୁ ପରି ଟିଙ୍କ୍ ନୁହେଁ, ଅଳ୍ପ ଦବା/ଦୁମ୍ ଧ୍ୱନି ଥାଏ, ଯାହା ମାଟିର ଭୌତିକ ଗଠନ ସହ ମେଳ ଖାଏ।	ମାଟି ଦିଆ/ହାଣ୍ଡିର ପୃଷ୍ଠ ଅଳ୍ପ ରୁଖା କିମ୍ବା ମ୍ୟାଟ୍ ଲାଗିପାରେ ଏବଂ ଓଜନ ମଧ୍ୟମ ଥିଲେ ହାତରେ “ସତ୍ୟ” ଅନୁଭବ ଆସେ। ଟକ୍କର୍ ଲାଗିଲେ ଧ୍ୱନି ସାଧାରଣତଃ ଧାତୁ ପରି ଟିଙ୍କ୍ ନୁହେଁ, ଅଳ୍ପ ଦବା/ଦୁମ୍ ଧ୍ୱନି ଥାଏ, ଯାହା ମାଟିର ଭୌତିକ ଗଠନ ସହ ମେଳ ଖାଏ।	1	Song	ory_Orya
86	କଳ୍ପନା କରନ୍ତୁ ଆପଣ ଓଡ଼ିଆ ପାରମ୍ପରିକ ନୃତ୍ୟ ପାଇଁ ଘୁଙ୍ଗୁରୁ ପିନ୍ଧୁଛନ୍ତି। ଘୁଙ୍ଗୁରୁର ଓଜନ, ଘଣ୍ଟିଗୁଡ଼ିକର ଧାତୁ, ଏବଂ ଧ୍ୱନିର ଟିଙ୍କାରା ଦେଖି “ଭଲ ଟ୍ୟୁନ୍” କିପରି ବୁଝିବେ?	ଭଲ ଟ୍ୟୁନ୍ ଘୁଙ୍ଗୁରୁରେ ଓଜନ ଅତି ଭାରୀ ନୁହେଁ, ମଧ୍ୟମ ଥାଇପାରେ ଯାହାରେ ପାଦ ଗତି ସହ ଧ୍ୱନି ସ୍ପଷ୍ଟ ହୁଏ। ଘଣ୍ଟି ଧାତୁ ଭଲ ଥିଲେ ଧ୍ୱନି ଟିଙ୍କାରା ଓ ସମ ଶୁଣାଯାଏ, ଏବଂ ଅତି “ଡ୍ୟାମ୍ପ୍” ଲାଗେ ନାହିଁ।	ଭଲ ଟ୍ୟୁନ୍ ଘୁଙ୍ଗୁରୁରେ ଓଜନ ଅତି ହାଲୁକା ନୁହେଁ, ମଧ୍ୟମ ଥାଇପାରେ ଯାହାରେ ପାଦ ଗତି ସହ ଧ୍ୱନି ସ୍ପଷ୍ଟ ହୁଏ। ଘଣ୍ଟି ଧାତୁ ଭଲ ଥିଲେ ଧ୍ୱନି ଟିଙ୍କାରା ଓ ସମ ଶୁଣାଯାଏ, ଏବଂ ଅତି “ଡ୍ୟାମ୍ପ୍” ଲାଗେ ନାହିଁ।	1	Dance	ory_Orya
87	ଆପଣ ଯଦି ଓଡ଼ିଆ ନୃତ୍ୟ-ନାଟ୍ୟରେ ସିଲ୍କ ସାଡ଼ି ପିନ୍ଧୁଛନ୍ତି, କପଡ଼ାର ଟେକ୍ସଚର (ମସୃଣତା), ଭାଙ୍ଗ ଧରିବା ଶକ୍ତି, ଏବଂ ଆଲୋକରେ ଚମକ କିପରି ଚେକ୍ କରିବେ?	ସିଲ୍କ କପଡ଼ା ସାଧାରଣତଃ ରୁକୁଡ଼ା ଲାଗେ ଏବଂ ଆଲୋକରେ ହାଲୁକା ଚମକ ଦେଖାଯାଏ। ଭଲ ସିଲ୍କ ଭାଙ୍ଗ ଧରିପାରେ, କିନ୍ତୁ ଅତି ପତଳା ହେଲେ ଭାଙ୍ଗ ଶୀଘ୍ର ଖୋଲିପାରେ, ସେହିପାଇଁ ଷ୍ଟାର୍ଚ୍/ପିନ୍‌ ସହ ଫିଟ୍ କରାଯାଏ।	ସିଲ୍କ କପଡ଼ା ସାଧାରଣତଃ ମସୃଣ ଲାଗେ ଏବଂ ଆଲୋକରେ ହାଲୁକା ଚମକ ଦେଖାଯାଏ। ଭଲ ସିଲ୍କ ଭାଙ୍ଗ ଧରିପାରେ, କିନ୍ତୁ ଅତି ପତଳା ହେଲେ pleat ଶୀଘ୍ର ଖୋଲିପାରେ, ସେହିପାଇଁ ଷ୍ଟାର୍ଚ୍/ପିନ୍‌ ସହ ଫିଟ୍ କରାଯାଏ।	1	Dance	ory_Orya
88	ଦୟାକରି ଧ୍ୟାନ ଦିଅନ୍ତୁ: ନୃତ୍ୟ ପାଇଁ ଟିଲକ୍ ଲଗାଇବାବେଳେ ଟିଲକ୍‌ର ପେଷ୍ଟ ଘନତା, ଶୁଖିବା ସମୟ, ଏବଂ ଘାମରେ ଛୁଟିବା ଝୁମକି କିପରି ଆକଳନ କରିବେ?	ଟିଲକ୍ ପେଷ୍ଟ ଅଳ୍ପ ଘନ ଥିଲେ ଆକାର ଧରି ରହେ ଏବଂ ସୁକିଲେ ଫାଟିବା କମ୍ ହୁଏ। ଘାମ ଅଧିକ ହେବା ଆଶଙ୍କା ଥିଲେ ପତଳା ପେଷ୍ଟ ଶୀଘ୍ର ଛୁଟିପାରେ, ସେହିପାଇଁ ଶୁଖିବା ପରେ ଭାରୀ ସେଟିଂ/ବାଇଣ୍ଡିଂ ଲେୟର୍ ଦିଆଯାଏ।	ଟିଲକ୍ ପେଷ୍ଟ ଅଳ୍ପ ଘନ ଥିଲେ ଆକାର ଧରି ରହେ ଏବଂ ସୁକିଲେ ଫାଟିବା କମ୍ ହୁଏ। ଘାମ ଅଧିକ ହେବା ଆଶଙ୍କା ଥିଲେ ପତଳା ପେଷ୍ଟ ଶୀଘ୍ର ଛୁଟିପାରେ, ସେହିପାଇଁ ଶୁଖିବା ପରେ ହାଲୁକା ସେଟିଂ/ବାଇଣ୍ଡିଂ ଲେୟର୍ ଦିଆଯାଏ।	1	Dance	ory_Orya
89	ଧରନ୍ତୁ ଆପଣ ନୃତ୍ୟ ସମୟରେ କଙ୍କଣ ପିନ୍ଧୁଛନ୍ତି। କାଚ ବା ଧାତୁ କଙ୍କଣର ଓଜନ, ଠକ୍ଠକ୍ ଧ୍ୱନି, ଏବଂ ହାତ ଚଳନରେ ସୁବିଧା କିପରି ଭିନ୍ନ ହୁଏ?	କାଚ କଙ୍କଣ ସାଧାରଣତଃ ଭାରୀ ଲାଗିପାରେ କିନ୍ତୁ ସହଜରେ ଭାଙ୍ଗିଯାଏ, ଏବଂ ହାତ ଚଳନରେ ଟିକ୍-ଟିକ୍ ଧ୍ୱନି ହୁଏ। ଧାତୁ କଙ୍କଣ ଅଳ୍ପ ଭାରୀ ହୋଇପାରେ, ଧ୍ୱନି ଅଳ୍ପ ଗଭୀର/ଡଲ୍ ଲାଗିପାରେ, ଏବଂ ଲମ୍ବା ସମୟ ପିନ୍ଧିଲେ କଳାଇରେ ଚାପ ବଢ଼ିପାରେ।	କାଚ କଙ୍କଣ ସାଧାରଣତଃ ହାଲୁକା ଲାଗିପାରେ କିନ୍ତୁ ସହଜରେ ଭାଙ୍ଗିଯାଏ, ଏବଂ ହାତ ଚଳନରେ ଟିକ୍-ଟିକ୍ ଧ୍ୱନି ହୁଏ। ଧାତୁ କଙ୍କଣ ଅଳ୍ପ ଭାରୀ ହୋଇପାରେ, ଧ୍ୱନି ଅଳ୍ପ ଗଭୀର/ଡଲ୍ ଲାଗିପାରେ, ଏବଂ ଲମ୍ବା ସମୟ ପିନ୍ଧିଲେ କଳାଇରେ ଚାପ ବଢ଼ିପାରେ।	1	Dance	ory_Orya
90	ପରୀକ୍ଷା କରନ୍ତୁ: ଝୁମକା ଚୟନ କରିବାବେଳେ ତାହାର ଓଜନ, ହୁକ୍‌ର ମଜବୁତି, ଏବଂ ନୃତ୍ୟରେ ଦୋଳନ କେତେ ହେଲେ ସୁବିଧାଜନକ? ଦୁଇଟି ଲକ୍ଷଣ କହନ୍ତୁ।	ଝୁମକାର ଓଜନ ଭାରୀ ହେଲେ ଦୋଳନ ସୁନ୍ଦର ଦେଖାଏ କିନ୍ତୁ କାନକୁ ଟାଣେ ନାହିଁ। ହୁକ୍/କ୍ଲାସ୍ପ ମଜବୁତ ଥିଲେ ନୃତ୍ୟ ଚଳନରେ ଖସିବା ଝୁମକି କମେ, ଏବଂ ଅତି ବଡ଼ ଦୋଳନ ହେଲେ ଗାଲରେ ଲାଗି ଅସୁବିଧା ହୋଇପାରେ।	ଝୁମକାର ଓଜନ ମଧ୍ୟମ ହେଲେ ଦୋଳନ ସୁନ୍ଦର ଦେଖାଏ କିନ୍ତୁ କାନକୁ ଟାଣେ ନାହିଁ। ହୁକ୍/କ୍ଲାସ୍ପ ମଜବୁତ ଥିଲେ ନୃତ୍ୟ ଚଳନରେ ଖସିବା ଝୁମକି କମେ, ଏବଂ ଅତି ବଡ଼ ଦୋଳନ ହେଲେ ଗାଲରେ ଲାଗି ଅସୁବିଧା ହୋଇପାରେ।	1	Dance	ory_Orya
91	ମନେ କରନ୍ତୁ ଆପଣ ଓଡ଼ିଆ ନୃତ୍ୟ-ନାଟ୍ୟରେ ସିନ୍ଦୂର/ଲିପ୍‌ ରଙ୍ଗ ଲଗାଉଛନ୍ତି। ରଙ୍ଗର ଘନତା, ଗନ୍ଧ, ଏବଂ ଘାମରେ “ସ୍ମଜ୍” ହେବା ସମ୍ଭାବନା କିପରି ବୁଝିବେ?	ରଙ୍ଗ ଅଳ୍ପ ଘନ ହେଲେ କଭରେଜ୍ ଭଲ ମିଳେ ଏବଂ ସେଟ୍ ହେଲେ ସ୍ମଜ୍ କମ୍ ହୋଇପାରେ। ଗନ୍ଧ ଭାରୀ ଥାଇପାରେ; ଘାମ ଅଧିକ ହେଲେ କ୍ରିମି/ଓଇଲି ଫର୍ମୁଲା ସହଜରେ ସ୍ମଜ୍ ହୋଇପାରେ, ସେହିପାଇଁ ସେଟିଂ ପାଉଡର୍/ବ୍ଲଟିଂ ସହାୟକ ହୁଏ।	ରଙ୍ଗ ଅଳ୍ପ ଘନ ହେଲେ କଭରେଜ୍ ଭଲ ମିଳେ ଏବଂ ସେଟ୍ ହେଲେ ସ୍ମଜ୍ କମ୍ ହୋଇପାରେ। ଗନ୍ଧ ହାଲୁକା ଥାଇପାରେ; ଘାମ ଅଧିକ ହେଲେ କ୍ରିମି/ଓଇଲି ଫର୍ମୁଲା ସହଜରେ ସ୍ମଜ୍ ହୋଇପାରେ, ସେହିପାଇଁ ସେଟିଂ ପାଉଡର୍/ବ୍ଲଟିଂ ସହାୟକ ହୁଏ।	1	Dance	ory_Orya
92	ଚେକ୍ କରନ୍ତୁ: ଓଡ଼ିଆ ନୃତ୍ୟ ପାଇଁ ମୁକୁଟ/ମାଥା ଅଳଙ୍କାର ପିନ୍ଧିଲେ ତାହାର ଫିଟ୍, ଭିତର ପ୍ୟାଡିଂ, ଏବଂ ଚଳନରେ ସ୍ଲିପ୍ କରିବା ଝୁମକି କିପରି ମାପିବେ? କମ୍ ସେ କମ୍ ଦୁଇଟି ବାକ୍ୟ ଦିଅନ୍ତୁ।	ମୁକୁଟ ଅତି ଟାଇଟ୍ ହେଲେ ମୁଣ୍ଡରେ ଚାପ ଓ ମାଥାବେଦନା ହୋଇପାରେ, ସେହିପାଇଁ ଫିଟ୍ ସୁଦ୍ଧା ଭଲ କିନ୍ତୁ ସହନୀୟ ରହିବା ଦରକାର। ଭିତରେ ଭାରୀ ପ୍ୟାଡିଂ ଥିଲେ ଗ୍ରିପ୍ ବଢ଼େ ଏବଂ ଚଳନରେ ସ୍ଲିପ୍ କମ୍ ହୁଏ; ତଥାପି ଅତି ଢିଲା ହେଲେ ମୁକୁଟ ଡୋଳିପାରେ।	ମୁକୁଟ ଅତି ଟାଇଟ୍ ହେଲେ ମୁଣ୍ଡରେ ଚାପ ଓ ମାଥାବେଦନା ହୋଇପାରେ, ସେହିପାଇଁ ଫିଟ୍ ସୁଦ୍ଧା ଭଲ କିନ୍ତୁ ସହନୀୟ ରହିବା ଦରକାର। ଭିତରେ ହାଲୁକା ପ୍ୟାଡିଂ ଥିଲେ ଗ୍ରିପ୍ ବଢ଼େ ଏବଂ ଚଳନରେ ସ୍ଲିପ୍ କମ୍ ହୁଏ; ତଥାପି ଅତି ଢିଲା ହେଲେ ମୁକୁଟ ଡୋଳିପାରେ।	1	Dance	ory_Orya
93	ଆପଣ ଯଦି ନାଟକରେ ଓଡ଼ିଆ ଘରୋଇ ପୋଷାକର କଟନ୍ କପଡ଼ା ବ୍ୟବହାର କରୁଛନ୍ତି, କପଡ଼ାର ଶ୍ୱାସ-ଚଳାଚଳ, ରୁଖାପନ, ଏବଂ ଭାଜ ପଡ଼ିବା ଗୁଣ କିପରି ଦେଖିବେ? ଦୁଇଟି ବାକ୍ୟ ଲେଖନ୍ତୁ।	କଟନ୍ କପଡ଼ା ସାଧାରଣତଃ ଶ୍ୱାସ-ଚଳାଚଳ ଭଲ ଦେଉଥାଏ, ଯାହା ଦୀର୍ଘ ନୃତ୍ୟ/ନାଟକରେ ସୁବିଧାଜନକ। ଏହା ଭାରୀ ରୁଖା ଲାଗିପାରେ ଏବଂ ଭାଜ ସହଜରେ ପଡ଼ିପାରେ, ସେହିପାଇଁ ଷ୍ଟିମ୍/ଇସ୍ତ୍ରି ସହ ମେଣ୍ଟେନ୍ କରାଯାଏ।	କଟନ୍ କପଡ଼ା ସାଧାରଣତଃ ଶ୍ୱାସ-ଚଳାଚଳ ଭଲ ଦେଉଥାଏ, ଯାହା ଦୀର୍ଘ ନୃତ୍ୟ/ନାଟକରେ ସୁବିଧାଜନକ। ଏହା ହାଲୁକା ରୁଖା ଲାଗିପାରେ ଏବଂ ଭାଜ ସହଜରେ ପଡ଼ିପାରେ, ସେହିପାଇଁ ଷ୍ଟିମ୍/ଇସ୍ତ୍ରି ସହ ମେଣ୍ଟେନ୍ କରାଯାଏ।	1	Dance	ory_Orya
94	ଦୟାକରି କହନ୍ତୁ: ଓଡ଼ିଆ ନୃତ୍ୟର “ଆଲତା” ଲଗାଇବାବେଳେ ରଙ୍ଗର ଗାଢ଼ତା, ଶୁଖିବା ପରେ ପୃଷ୍ଠ ଚିପଚିପା ରହିବା କି ନୁହେଁ, ଏବଂ ପାଦରେ ଘର୍ଷଣ କେମିତି ବଦଳେ?	ଆଲତା ଗାଢ଼ ଥିଲେ ରଙ୍ଗ ସ୍ପଷ୍ଟ ହୁଏ ଏବଂ ଠିକ୍ ଭାବେ ଶୁଖିଲେ ଅତି ଚିପଚିପା ରହିବା ଉଚିତ ନୁହେଁ। ଯଦି କମ୍ ଚିପଚିପା ରହିଗଲା, ପାଦରେ ଧୁଳି ଧରିପାରେ ଏବଂ ଘର୍ଷଣ ଅନିୟମିତ ହୋଇପାରେ; ସଠିକ୍ ଭାବେ ଶୁଖିଲେ ଗ୍ରିପ୍ ସ୍ଥିର ରହେ।	ଆଲତା ଗାଢ଼ ଥିଲେ ରଙ୍ଗ ସ୍ପଷ୍ଟ ହୁଏ ଏବଂ ଠିକ୍ ଭାବେ ଶୁଖିଲେ ଅତି ଚିପଚିପା ରହିବା ଉଚିତ ନୁହେଁ। ଯଦି ଅଧିକ ଚିପଚିପା ରହିଗଲା, ପାଦରେ ଧୁଳି ଧରିପାରେ ଏବଂ ଘର୍ଷଣ ଅନିୟମିତ ହୋଇପାରେ; ସଠିକ୍ ଭାବେ ଶୁଖିଲେ ଗ୍ରିପ୍ ସ୍ଥିର ରହେ।	1	Dance	ory_Orya
95	ଭାବନ୍ତୁ ଆପଣ ଓଡ଼ିଆ ନାଟକ ପାଇଁ ମେକଅପ୍ ବ୍ରଶ୍/ସ୍ପଞ୍ଜ ବ୍ୟବହାର କରୁଛନ୍ତି। ବ୍ରଶ୍ ର ରୋମ ନରମତା, ସ୍ପଞ୍ଜର ପୋର୍ ସାଇଜ୍, ଏବଂ ଫାଉଣ୍ଡେସନ୍ କଭରେଜ୍ କେମିତି ଭିନ୍ନ ଦେଖାଏ? ଦୁଇଟି ବାକ୍ୟ ଲେଖନ୍ତୁ।	ନରମ ରେଶା ଥିବା ବ୍ରଶ୍ ସାଧାରଣତଃ ଫାଉଣ୍ଡେସନ୍ କୁ ସମଭାବେ ବ୍ଲେଣ୍ଡ କରି ହାଲୁକା-ରୁକୁଡ଼ା ଫିନିଶ୍ ଦେଇପାରେ। ପୋର୍ ସାଇଜ୍ ଠିକ୍ ଥିବା ସ୍ପଞ୍ଜ ଫାଉଣ୍ଡେସନ୍ କୁ ଟ୍ୟାପ୍ କରି “ବିଲ୍ଡେବଲ୍” କଭରେଜ୍ ଦେଉଥାଏ, କିନ୍ତୁ ଅତି ବଡ଼ ପୋର୍ ହେଲେ ଉତ୍ପାଦ ଅଧିକ ଶୋଷି ନଷ୍ଟ ହୋଇପାରେ।	ନରମ bristle ଥିବା ବ୍ରଶ୍ ସାଧାରଣତଃ ଫାଉଣ୍ଡେସନ୍ କୁ ସମଭାବେ ବ୍ଲେଣ୍ଡ କରି ହାଲୁକା-ମସୃଣ ଫିନିଶ୍ ଦେଇପାରେ। ପୋର୍ ସାଇଜ୍ ଠିକ୍ ଥିବା ସ୍ପଞ୍ଜ ଫାଉଣ୍ଡେସନ୍ କୁ ଟ୍ୟାପ୍ କରି “ବିଲ୍ଡେବଲ୍” କଭରେଜ୍ ଦେଉଥାଏ, କିନ୍ତୁ ଅତି ବଡ଼ ପୋର୍ ହେଲେ ଉତ୍ପାଦ ଅଧିକ ଶୋଷି ନଷ୍ଟ ହୋଇପାରେ।	1	Dance	ory_Orya
96	ଧରନ୍ତୁ ଆପଣ ଓଡ଼ିଆ ନୃତ୍ୟରେ “ଓଡ଼ିଶୀ” ଅଳଙ୍କାର (ହାର/କମରବନ୍ଧ) ପିନ୍ଧୁଛନ୍ତି। ଧାତୁର ଥଣ୍ଡା ସ୍ପର୍ଶ, ଧାର/କୋଣର ମସୃଣତା, ଏବଂ ଚଳନରେ ତ୍ୱଚାରେ ଖୋଚା ଲାଗିବା ଝୁମକି କିପରି ଧରିବେ?	ଧାତୁ ଅଳଙ୍କାର ଆରମ୍ଭରେ ଥଣ୍ଡା ସ୍ପର୍ଶ ଦେଇପାରେ, କିନ୍ତୁ ଶରୀର ତାପରେ ସମୟ ସହ ଗରମ ହୋଇଯାଏ। ଧାର/କୋଣ ରୁକୁଡ଼ା ନ ଥିଲେ ଚଳନରେ ତ୍ୱଚାରେ ଖୋଚା ଲାଗିପାରେ, ସେହିପାଇଁ ପିନ୍ଧିବା ପୂର୍ବରୁ ଭିତର ପାର୍ଶ୍ୱ ଓ କ୍ଲାସ୍ପ ଚେକ୍ କରାଯାଏ।	ଧାତୁ ଅଳଙ୍କାର ଆରମ୍ଭରେ ଥଣ୍ଡା ସ୍ପର୍ଶ ଦେଇପାରେ, କିନ୍ତୁ ଶରୀର ତାପରେ ସମୟ ସହ ଗରମ ହୋଇଯାଏ। ଧାର/କୋଣ ମସୃଣ ନ ଥିଲେ ଚଳନରେ ତ୍ୱଚାରେ ଖୋଚା ଲାଗିପାରେ, ସେହିପାଇଁ ପିନ୍ଧିବା ପୂର୍ବରୁ ଭିତର ପାର୍ଶ୍ୱ ଓ କ୍ଲାସ୍ପ ଚେକ୍ କରାଯାଏ।	1	Dance	ory_Orya
97	ପରୀକ୍ଷା କରନ୍ତୁ: ମଞ୍ଚରେ ଓଡ଼ିଆ ପର୍ଫ୍ୟୁମ୍/ଇତର ଲଗାଇଲେ ତାହାର ଗନ୍ଧର “ଷ୍ଟ୍ରେଂଥ” ଓ ଥାକିବା ସମୟ କିପରି ଧରିବେ? ଘାମ ଓ ତାପରେ ଗନ୍ଧ କେମିତି ବଦଳେ?	ଷ୍ଟ୍ରେଂଥ ଧରିବାକୁ ଛୋଟ ସ୍ପ୍ରେ କରି 10-15 ମିନିଟ୍ ପରେ ଗନ୍ଧ କେତେ ରହୁଛି ଦେଖାଯାଏ। ମଞ୍ଚର ତାପ ଓ ଘାମରେ ଗନ୍ଧ ଶୀଘ୍ର ଉଡ଼ିପାରେ କିମ୍ବା ଭାରୀ ପରିବର୍ତ୍ତିତ ଲାଗିପାରେ, ସେହିପାଇଁ ଅତି ତୀବ୍ର ନୁହେଁ, ମଧ୍ୟମ ଓ ଦୀର୍ଘସ୍ଥାୟୀ ସୁଗନ୍ଧ ଭଲ।	ଷ୍ଟ୍ରେଂଥ ଧରିବାକୁ ଛୋଟ ସ୍ପ୍ରେ କରି 10-15 ମିନିଟ୍ ପରେ ଗନ୍ଧ କେତେ ରହୁଛି ଦେଖାଯାଏ। ମଞ୍ଚର ତାପ ଓ ଘାମରେ ଗନ୍ଧ ଶୀଘ୍ର ଉଡ଼ିପାରେ କିମ୍ବା ହାଲୁକା ପରିବର୍ତ୍ତିତ ଲାଗିପାରେ, ସେହିପାଇଁ ଅତି ତୀବ୍ର ନୁହେଁ, ମଧ୍ୟମ ଓ ଦୀର୍ଘସ୍ଥାୟୀ ସୁଗନ୍ଧ ଭଲ।	1	Dance	ory_Orya
98	ଦୟାକରି ଧ୍ୟାନ ଦିଅନ୍ତୁ: ଓଡ଼ିଆ ନାଟ୍ୟରେ ବ୍ୟବହୃତ “ପଖାଳି”/ପଖା ପ୍ରପ୍‌ରେ କାଠ ଓ କପଡ଼ା ଭାଗର ଦୃଢତା, ଓଜନ, ଏବଂ ପବନ ତିଆରି କରିବା ଶକ୍ତି କେମିତି ଚେକ୍ କରିବେ? ଦୁଇଟି ବାକ୍ୟ ଲେଖନ୍ତୁ।	ପଖାର ଓଜନ ମଧ୍ୟମ ହେଲେ ହାତ ଥକିଯାଏ ଏବଂ ପବନ ସ୍ଥିର ଭାବେ ମିଳେ। କାଠ ଫ୍ରେମ୍ ଦୃଢ଼ ଓ କପଡ଼ା ଟାଣ ଭଲ ଥିଲେ ପଖା ଖୋଲିବା-ବନ୍ଦ କରିବା ସହଜ ହୁଏ ଏବଂ ଭାଙ୍ଗିବା/ଢିଲା ହେବା ଝୁମକି କମିଯାଏ।	ପଖାର ଓଜନ ମଧ୍ୟମ ହେଲେ ହାତ ଥକେ ନାହିଁ ଏବଂ ପବନ ସ୍ଥିର ଭାବେ ମିଳେ। କାଠ ଫ୍ରେମ୍ ଦୃଢ଼ ଓ କପଡ଼ା ଟାଣ ଭଲ ଥିଲେ ପଖା ଖୋଲିବା-ବନ୍ଦ କରିବା ସହଜ ହୁଏ ଏବଂ ଭାଙ୍ଗିବା/ଢିଲା ହେବା ଝୁମକି କମିଯାଏ।	1	Dance	ory_Orya
99	ଭାବନ୍ତୁ ଆପଣ ଓଡ଼ିଆ ନୃତ୍ୟ-ନାଟକରେ “ମୁଖୋଷ” ପିନ୍ଧୁଛନ୍ତି। ଭିତର ଲାଇନିଂର ମୃଦୁତା, ଶ୍ୱାସ ନେବା ପାଇଁ ଛିଦ୍ରର ଆକାର, ଏବଂ ଘାମରେ ଫିଟ୍ ଢିଲା ହେବା ଝୁମକି କିପରି ଆକଳନ କରିବେ?	ଭିତର ଲାଇନିଂ ମୃଦୁ ଥିଲେ ଚର୍ମରେ ଘସାଘସି କମେ ଏବଂ ଛୋଟ ସମୟ ପିନ୍ଧିଲେ ସୁବିଧା ମିଳେ। ଶ୍ୱାସ ପାଇଁ ଛିଦ୍ର ଅତି ଛୋଟ ନ ହୋଇ ଯଥେଷ୍ଟ ଥିଲେ ଶ୍ୱାସ-ଚଳାଚଳ ଭଲ, ଏବଂ ଘାମରେ ଷ୍ଟ୍ରାପ୍ ଢିଲା ହୋଇ ସ୍ଲିପ୍ ହୋଇପାରେ, ସେହିପାଇଁ ଆଣ୍ଟି-ସ୍ଲିପ୍ ପ୍ୟାଡ୍/ଷ୍ଟ୍ରାପ୍ ଆଡଜଷ୍ଟ ଦରକାର।	ଭିତର ଲାଇନିଂ ମୃଦୁ ଥିଲେ ଚର୍ମରେ ଘସାଘସି କମେ ଏବଂ ଦୀର୍ଘ ସମୟ ପିନ୍ଧିଲେ ସୁବିଧା ମିଳେ। ଶ୍ୱାସ ପାଇଁ ଛିଦ୍ର ଅତି ଛୋଟ ନ ହୋଇ ଯଥେଷ୍ଟ ଥିଲେ ଶ୍ୱାସ-ଚଳାଚଳ ଭଲ, ଏବଂ ଘାମରେ ଷ୍ଟ୍ରାପ୍ ଢିଲା ହୋଇ ସ୍ଲିପ୍ ହୋଇପାରେ, ସେହିପାଇଁ ଆଣ୍ଟି-ସ୍ଲିପ୍ ପ୍ୟାଡ୍/ଷ୍ଟ୍ରାପ୍ ଆଡଜଷ୍ଟ ଦରକାର।	1	Dance	ory_Orya
100	ଶେଷରେ କହନ୍ତୁ: ଓଡ଼ିଆ ନୃତ୍ୟ-ନାଟକରେ ମଞ୍ଚ ମେକଅପ୍ ସେଟ୍ କରିବାକୁ ପାଉଡର୍ ବ୍ୟବହାର କଲେ ପାଉଡର୍‌ର ଦାଣା ଆକାର, ମାଟ୍ ଫିନିଶ୍, ଏବଂ ଆଲୋକରେ “କେକି” ଦେଖାଯିବା କେମିତି ବଦଳେ?	ସୂକ୍ଷ୍ମ (ଛୋଟ) ଦାଣା ଥିବା ପାଉଡର୍ ସାଧାରଣତଃ ରୁକୁଡ଼ା ମାଟ୍ ଫିନିଶ୍ ଦେଉଥାଏ ଏବଂ ପୋର୍‌ ଉପରେ ସମଭାବେ ବସେ। ଦାଣା ବଡ଼ ହେଲେ କିମ୍ବା ଅତି ଅଧିକ ଲଗାଇଲେ ଆଲୋକରେ “କେକି/ଚକିଆ” ଦେଖାଯାଇପାରେ, ସେହିପାଇଁ ହାଲୁକା ଲେୟର୍ ଓ ବ୍ଲେଣ୍ଡିଂ ଦରକାର।	ସୂକ୍ଷ୍ମ (ଛୋଟ) ଦାଣା ଥିବା ପାଉଡର୍ ସାଧାରଣତଃ ମସୃଣ ମାଟ୍ ଫିନିଶ୍ ଦେଉଥାଏ ଏବଂ ପୋର୍‌ ଉପରେ ସମଭାବେ ବସେ। ଦାଣା ବଡ଼ ହେଲେ କିମ୍ବା ଅତି ଅଧିକ ଲଗାଇଲେ ଆଲୋକରେ “କେକି/ଚକିଆ” ଦେଖାଯାଇପାରେ, ସେହିପାଇଁ ହାଲୁକା ଲେୟର୍ ଓ ବ୍ଲେଣ୍ଡିଂ ଦରକାର।	1	Dance	ory_Orya